{
  "phases": [
    0.0,
    0.6613879270715354,
    1.3227758541430708,
    1.984163781214606,
    2.6455517082861415,
    3.306939635357677,
    3.968327562429212,
    4.6297154895007475,
    5.291103416572283,
    5.9524913436438185,
    6.613879270715354,
    7.2752671977868895,
    7.936655124858424,
    8.59804305192996,
    9.259430979001495,
    9.92081890607303,
    10.582206833144566,
    11.2435947602161,
    11.904982687287637,
    12.566370614359172
  ],
  "xc": [
    0.6718011344775031,
    0.5927069072168909,
    0.7092996476074203,
    0.6715699056104775,
    0.6220671436762238,
    0.66988150940816,
    0.6855216317348676,
    0.71441125973396,
    0.7118595557549574,
    0.7093565494142652,
    0.6557627636808315,
    0.6761496064496408,
    0.5327440812714387,
    0.5821724444006114,
    0.6742412561973914,
    0.4313659075651446,
    0.6132664567145176,
    0.4720483556492605,
    0.3379264236447075,
    0.4751360885029386,
    0.27133189474992375,
    0.23339985181182654,
    0.26768880322411076,
    0.46614346928312395,
    0.2965593524988567,
    0.19516063107986595,
    0.24587419005988786,
    0.25389081935059243,
    0.21383280914274966,
    0.2003678795449654,
    0.18299582346678786,
    0.2639828843910723,
    0.1872109971426727,
    0.20454563391175035,
    0.1931577003299976,
    0.37508421996558494,
    0.18386051751411112,
    0.2572399994652716,
    0.2509598962706559,
    0.2234569696625746,
    0.4356668628648457,
    0.513560552752534,
    0.5531909441504695,
    0.5273455259412433,
    0.4821085133384794,
    0.7101229435641534,
    0.5637571540005434,
    0.6879374426218462,
    0.6100646594844888,
    0.568682793694352,
    0.6995184374562726,
    0.7041691264994239,
    0.6834324538912405,
    0.6914031625527973,
    0.7099912365121565,
    0.7053246390635625,
    0.6868060486396069,
    0.7082736327882849,
    0.6219886663633333,
    0.5321329375708646,
    0.5213547525309337,
    0.6168680830680492,
    0.5318421732934432,
    0.5480564667817914,
    0.5997658002374984,
    0.3316673159470911,
    0.3063919922109824,
    0.3020264857557703,
    0.3908688274019425,
    0.3830858275907812,
    0.3460258806459798,
    0.1852273262008212,
    0.17772701627555607,
    0.20613450157483132,
    0.2360319830721913,
    0.18023833053445842,
    0.1916460500776048,
    0.17670889734572956,
    0.18095729627459925,
    0.18701885101918111,
    0.17501346954236494,
    0.291705808846616,
    0.2556465467619528,
    0.24424792146006544,
    0.18933063952440113,
    0.3944012355061828,
    0.29797064532191575,
    0.4291664824123072,
    0.3505167089147823,
    0.3525172409331453,
    0.36106892663426077,
    0.39468681881285766,
    0.39808992680376437,
    0.5267681578541397,
    0.5562395715265582,
    0.6131778371366489,
    0.6565202060868238,
    0.683518516350353,
    0.646336355510152,
    0.5917321604537698
  ],
  "xg": [
    0.32819886552249694,
    0.40729309278310905,
    0.2907003523925797,
    0.32843009438952253,
    0.37793285632377616,
    0.33011849059183995,
    0.3144783682651324,
    0.28558874026604,
    0.28814044424504254,
    0.2906434505857348,
    0.34423723631916847,
    0.32385039355035916,
    0.4672559187285613,
    0.41782755559938856,
    0.32575874380260855,
    0.5686340924348554,
    0.3867335432854824,
    0.5279516443507395,
    0.6620735763552925,
    0.5248639114970615,
    0.7286681052500763,
    0.7666001481881735,
    0.7323111967758893,
    0.5338565307168761,
    0.7034406475011433,
    0.8048393689201341,
    0.7541258099401121,
    0.7461091806494076,
    0.7861671908572504,
    0.7996321204550346,
    0.8170041765332121,
    0.7360171156089277,
    0.8127890028573272,
    0.7954543660882496,
    0.8068422996700024,
    0.6249157800344151,
    0.8161394824858889,
    0.7427600005347283,
    0.749040103729344,
    0.7765430303374253,
    0.5643331371351543,
    0.4864394472474661,
    0.4468090558495304,
    0.4726544740587567,
    0.5178914866615205,
    0.2898770564358466,
    0.4362428459994566,
    0.31206255737815375,
    0.3899353405155112,
    0.43131720630564796,
    0.30048156254372743,
    0.2958308735005762,
    0.31656754610875953,
    0.3085968374472027,
    0.2900087634878436,
    0.29467536093643754,
    0.31319395136039313,
    0.2917263672117151,
    0.37801133363666667,
    0.4678670624291354,
    0.4786452474690664,
    0.38313191693195087,
    0.4681578267065568,
    0.45194353321820857,
    0.40023419976250163,
    0.6683326840529089,
    0.6936080077890175,
    0.6979735142442297,
    0.6091311725980575,
    0.6169141724092188,
    0.6539741193540202,
    0.8147726737991788,
    0.8222729837244439,
    0.7938654984251686,
    0.7639680169278087,
    0.8197616694655416,
    0.8083539499223952,
    0.8232911026542704,
    0.8190427037254008,
    0.8129811489808189,
    0.824986530457635,
    0.708294191153384,
    0.7443534532380471,
    0.7557520785399345,
    0.8106693604755989,
    0.6055987644938172,
    0.7020293546780842,
    0.5708335175876927,
    0.6494832910852177,
    0.6474827590668547,
    0.6389310733657392,
    0.6053131811871423,
    0.6019100731962356,
    0.47323184214586034,
    0.44376042847344177,
    0.38682216286335114,
    0.3434797939131762,
    0.316481483649647,
    0.35366364448984805,
    0.4082678395462302
  ],
  "xg_avg": [
    0.3465110522822969,
    0.30179389879075796,
    0.37578596960001726,
    0.5340513535846864,
    0.6929753256864317,
    0.7781747341643878,
    0.7936213921515438,
    0.7418796794243603,
    0.49762552019048556,
    0.37188700132692326,
    0.30229711661762193,
    0.34909481511486956,
    0.4364225448176569,
    0.6571919102186865,
    0.769770658446124,
    0.8166861149496853,
    0.76881112277292,
    0.6350855373823333,
    0.5526293196736838,
    0.3617429848924505
  ],
  "xg_std": [
    0.041131199012646454,
    0.01753017253514819,
    0.05714822219306886,
    0.0887804123956519,
    0.08206121328497072,
    0.023840520194147147,
    0.029700359495031463,
    0.06395102289916134,
    0.04047619047380033,
    0.06050448199862832,
    0.009374900529374086,
    0.06705892871454994,
    0.03789531146453638,
    0.03753803110036684,
    0.061326578207791874,
    0.005325225923620669,
    0.04321759766603791,
    0.04436271613501767,
    0.07849658531553501,
    0.032375764544147236
  ],
  "xc_avg": [
    0.653488947717703,
    0.698206101209242,
    0.6242140303999827,
    0.46594864641531375,
    0.3070246743135683,
    0.22182526583561227,
    0.20637860784845619,
    0.2581203205756396,
    0.5023744798095144,
    0.6281129986730767,
    0.6977028833823782,
    0.6509051848851305,
    0.5635774551823431,
    0.34280808978131344,
    0.23022934155387595,
    0.18331388505031462,
    0.2311888772270801,
    0.3649144626176667,
    0.4473706803263161,
    0.6382570151075495
  ],
  "xc_std": [
    0.04113119901264646,
    0.01753017253514818,
    0.05714822219306885,
    0.0887804123956519,
    0.08206121328497074,
    0.02384052019414713,
    0.02970035949503147,
    0.06395102289916135,
    0.04047619047380032,
    0.0605044819986283,
    0.009374900529374093,
    0.06705892871454996,
    0.03789531146453638,
    0.03753803110036684,
    0.06132657820779187,
    0.005325225923620655,
    0.04321759766603791,
    0.044362716135017646,
    0.07849658531553504,
    0.032375764544147256
  ],
  "hist_bins": [
    0.1884984142971548,
    0.21546830380673457,
    0.24243819331631433,
    0.2694080828258941,
    0.2963779723354738,
    0.3233478618450536,
    0.35031775135463333,
    0.37728764086421307,
    0.40425753037379286,
    0.4312274198833726,
    0.45819730939295233,
    0.4851671989025321,
    0.5121370884121119,
    0.5391069779216916,
    0.5660768674312714,
    0.5930467569408511,
    0.6200166464504309,
    0.6469865359600107,
    0.6739564254695904,
    0.7009263149791701
  ],