{
  "phases": [
    0.0,
    0.6613879270715354,
    1.3227758541430708,
    1.984163781214606,
    2.6455517082861415,
    3.306939635357677,
    3.968327562429212,
    4.6297154895007475,
    5.291103416572283,
    5.9524913436438185,
    6.613879270715354,
    7.2752671977868895,
    7.936655124858424,
    8.59804305192996,
    9.259430979001495,
    9.92081890607303,
    10.582206833144566,
    11.2435947602161,
    11.904982687287637,
    12.566370614359172
  ],
  "xc": [
    0.717510540832817,
    0.5242284285118799,
    0.6645695155215394,
    0.5677303931670376,
    0.6836930165586753,
    0.30886618417601797,
    0.4199451513494991,
    0.42458041854707096,
    0.48359734078464633,
    0.6745428044364481,
    0.16844223274073314,
    0.22893270546804256,
    0.14359466561074968,
    0.13670761765385503,
    0.19388591035813854,
    0.12390000400861642,
    0.10829435899426289,
    0.11048067229585506,
    0.2063646381618742,
    0.11384571912969765,
    0.24672301863760018,
    0.12063561961635126,
    0.10407500264078624,
    0.130709569983413,
    0.14019886348751942,
    0.3461509080730654,
    0.23813385611277738,
    0.2512621766701307,
    0.29861136228005136,
    0.20952637434156318,
    0.48592572211059776,
    0.6093127219501953,
    0.4366808047058931,
    0.4233877122158934,
    0.429082923247409,
    0.7741178653200481,
    0.7107866891651988,
    0.6915401804630666,
    0.6134145492595969,
    0.6902285390252744,
    0.7758965123141633,
    0.7832139214525857,
    0.7874074514548673,
    0.7874543314316974,
    0.708757614709663,
    0.7623423416863568,
    0.6376027852191685,
    0.47759732552619083,
    0.7467041900751515,
    0.7006753455357443,
    0.5875764389434089,
    0.474638198237083,
    0.7516427293551138,
    0.5855212156979126,
    0.6236306780276114,
    0.3613801688256117,
    0.31738130337398535,
    0.2122465227226574,
    0.2320204117387636,
    0.18715453973124938,
    0.11598598527746319,
    0.12136429341332375,
    0.1264137669787326,
    0.10257234522005933,
    0.15384045994368079,
    0.17221071705928034,
    0.12152179888943868,
    0.11242779748380326,
    0.1401000166002656,
    0.10653984673887872,
    0.16328541479796158,
    0.1426184525691614,
    0.3211014452127654,
    0.28624957765636494,
    0.2650893538715501,
    0.5661149614199807,
    0.3309802185251929,
    0.5095084041370057,
    0.42317379183234793,
    0.40899480425354134,
    0.6710484755350976,
    0.6155808759082813,
    0.6819834254515589,
    0.459621171810661,
    0.7206730599302905,
    0.7378194892819873,
    0.7777723240172958,
    0.7803549893842887,
    0.7858212860980914,
    0.770365709843399,
    0.7839465057042363,
    0.789635000531365,
    0.7524819027921407,
    0.7752156747082443,
    0.682778345525864,
    0.64370405971127,
    0.4002936196551248,
    0.7183664850120345,
    0.5957281212370549,
    0.6966931931185969
  ],
  "xg": [
    0.2824894591671831,
    0.47577157148812005,
    0.3354304844784605,
    0.43226960683296245,
    0.3163069834413247,
    0.691133815823982,
    0.5800548486505008,
    0.575419581452929,
    0.5164026592153537,
    0.3254571955635519,
    0.8315577672592669,
    0.7710672945319574,
    0.8564053343892503,
    0.8632923823461449,
    0.8061140896418615,
    0.8760999959913836,
    0.8917056410057371,
    0.8895193277041449,
    0.7936353618381258,
    0.8861542808703023,
    0.7532769813623998,
    0.8793643803836487,
    0.8959249973592137,
    0.869290430016587,
    0.8598011365124806,
    0.6538490919269346,
    0.7618661438872226,
    0.7487378233298693,
    0.7013886377199486,
    0.7904736256584368,
    0.5140742778894022,
    0.39068727804980474,
    0.5633191952941069,
    0.5766122877841067,
    0.5709170767525911,
    0.22588213467995186,
    0.2892133108348012,
    0.30845981953693336,
    0.38658545074040307,
    0.3097714609747256,
    0.2241034876858366,
    0.21678607854741427,
    0.21259254854513263,
    0.2125456685683026,
    0.291242385290337,
    0.2376576583136431,
    0.3623972147808315,
    0.5224026744738092,
    0.25329580992484846,
    0.29932465446425566,
    0.41242356105659106,
    0.525361801762917,
    0.24835727064488622,
    0.41447878430208746,
    0.37636932197238865,
    0.6386198311743883,
    0.6826186966260146,
    0.7877534772773426,
    0.7679795882612365,
    0.8128454602687506,
    0.8840140147225368,
    0.8786357065866762,
    0.8735862330212674,
    0.8974276547799407,
    0.8461595400563192,
    0.8277892829407196,
    0.8784782011105613,
    0.8875722025161967,
    0.8598999833997344,
    0.8934601532611213,
    0.8367145852020385,
    0.8573815474308386,
    0.6788985547872346,
    0.7137504223436351,
    0.7349106461284499,
    0.4338850385800192,
    0.6690197814748071,
    0.49049159586299435,
    0.5768262081676521,
    0.5910051957464586,
    0.32895152446490233,
    0.38441912409171874,
    0.3180165745484412,
    0.540378828189339,
    0.27932694006970943,
    0.26218051071801274,
    0.2222276759827042,
    0.21964501061571126,
    0.21417871390190857,
    0.22963429015660103,
    0.21605349429576373,
    0.21036499946863496,
    0.24751809720785936,
    0.22478432529175577,
    0.317221654474136,
    0.3562959402887301,
    0.5997063803448752,
    0.2816335149879655,
    0.4042718787629451,
    0.30330680688140305
  ],
  "xg_avg": [
    0.36845362108161017,
    0.5376936201412634,
    0.8256873736336962,
    0.8674229214819388,
    0.851531585126866,
    0.7312630645044823,
    0.5231220231540024,
    0.303982435353363,
    0.2314540337274046,
    0.3350156023914776,
    0.39539814794777406,
    0.7379634107215465,
    0.8759646298333481,
    0.8694399646456666,
    0.7643311511784394,
    0.5522455639663864,
    0.37021859827282216,
    0.22957324027498757,
    0.24318851414762993,
    0.3890429042531838
  ],
  "xg_std": [
    0.07319734833833567,
    0.12021582293819008,
    0.03393717077738643,
    0.037279112221660964,
    0.05056316594970272,
    0.048235279084544946,
    0.06983152814014404,
    0.05137042328446528,
    0.03018976089721556,
    0.1032416631020879,
    0.08891299399322708,
    0.06621106729493709,
    0.01689135184635613,
    0.023720150751504087,
    0.07017184982138663,
    0.08193351151516892,
    0.0914827579069145,
    0.01704556431464476,
    0.039120474797133056,
    0.11364052161743493
  ],
  "xc_avg": [
    0.6315463789183898,
    0.4623063798587365,
    0.1743126263663038,
    0.13257707851806125,
    0.148468414873134,
    0.26873693549551764,
    0.4768779768459977,
    0.696017564646637,
    0.7685459662725954,
    0.6649843976085223,
    0.6046018520522259,
    0.26203658927845347,
    0.12403537016665193,
    0.13056003535433333,
    0.23566884882156067,
    0.4477544360336137,
    0.6297814017271779,
    0.7704267597250125,
    0.75681148585237,
    0.6109570957468162
  ],
  "xc_std": [
    0.07319734833833572,
    0.12021582293819008,
    0.033937170777386456,
    0.037279112221660964,
    0.05056316594970274,
    0.048235279084544974,
    0.06983152814014401,
    0.05137042328446528,
    0.03018976089721553,
    0.10324166310208789,
    0.08891299399322708,
    0.06621106729493709,
    0.016891351846356123,
    0.023720150751504087,
    0.07017184982138662,
    0.08193351151516892,
    0.09148275790691449,
    0.01704556431464476,
    0.03912047479713306,
    0.11364052161743493
  ],
  "hist_bins": [
    0.11974891160284196,
    0.15410204436840724,
    0.18845517713397253,
    0.22280830989953782,
    0.2571614426651031,
    0.2915145754306684,
    0.3258677081962337,
    0.36022084096179896,
    0.39457397372736425,
    0.42892710649292953,
    0.4632802392584948,
    0.4976333720240601,
    0.5319865047896254,
    0.5663396375551907,
    0.600692770320756,
    0.6350459030863213,
    0.6693990358518865,
    0.7037521686174518,
    0.7381053013830171,
    0.7724584341485824
  ],