{
  "phases": [
    0.0,
    0.6613879270715354,
    1.3227758541430708,
    1.984163781214606,
    2.6455517082861415,
    3.306939635357677,
    3.968327562429212,
    4.6297154895007475,
    5.291103416572283,
    5.9524913436438185,
    6.613879270715354,
    7.2752671977868895,
    7.936655124858424,
    8.59804305192996,
    9.259430979001495,
    9.92081890607303,
    10.582206833144566,
    11.2435947602161,
    11.904982687287637,
    12.566370614359172
  ],
  "xc": [
    0.43817752670059046,
    0.43834218871794073,
    0.4355779245086031,
    0.4337952455204762,
    0.4379472119852482,
    0.4448414808257517,
    0.4413749196223364,
    0.4420934682323338,
    0.4387997019575967,
    0.44275110006678975,
    0.44442522954937147,
    0.44454660672437707,
    0.4479255778317607,
    0.4471084667494873,
    0.4426099505967304,
    0.4449850666401938,
    0.4460639496579623,
    0.44190474817481856,
    0.44404232364944934,
    0.444134035078689,
    0.4454852487694007,
    0.4424351946133765,
    0.44623658750171447,
    0.4422943374817523,
    0.4458828751022658,
    0.43808946052774295,
    0.43478857049124026,
    0.4386294641710013,
    0.4363965813657221,
    0.44245851928418517,
    0.43556709662294973,
    0.43459838669400036,
    0.4338668092378107,
    0.4389203647096026,
    0.43657026298535734,
    0.42644404390856505,
    0.43177631853795817,
    0.4306360261343216,
    0.4331188561442691,
    0.4290441909347141,
    0.4241454138058305,
    0.4278772170347629,
    0.429288309278458,
    0.4346672044742705,
    0.4395453569007501,
    0.4368437121765585,
    0.43248063642688445,
    0.43863019482101123,
    0.4273154294149712,
    0.4313176018034041,
    0.437880760677669,
    0.4370742466375048,
    0.4343113365847737,
    0.434269978031566,
    0.43668516194709445,
    0.4429205385547073,
    0.4443400793426256,
    0.4409177892876663,
    0.44135906911153866,
    0.4420330980000454,
    0.44543447154595855,
    0.44441473481996835,
    0.44315116479344,
    0.442600506904947,
    0.4488949070780428,
    0.4470558093404279,
    0.44129635435966136,
    0.445670200948154,
    0.4488644243449669,
    0.44983025047219294,
    0.4388014159083041,
    0.4468511727303907,
    0.44221859401733127,
    0.4366392489556867,
    0.4423798234107165,
    0.4338739263426609,
    0.44170161773517075,
    0.4332017289207148,
    0.42906873960066555,
    0.43301621632917475,
    0.4306853137257144,
    0.4300805017668375,
    0.4342328159794404,
    0.4308284640123205,
    0.4343002898608969,
    0.4226208324002768,
    0.4320638735554392,
    0.4317564622657324,
    0.43257638397375264,
    0.4305046353890864,
    0.4311063829787234,
    0.4351859658837076,
    0.42937485869319464,
    0.43332769523016473,
    0.42818976663845715,
    0.4352955610138385,
    0.43484717611021617,
    0.4287666455035682,
    0.4350068705682796,
    0.4325468820972033
  ],
  "xg": [
    0.5618224732994096,
    0.5616578112820593,
    0.5644220754913969,
    0.5662047544795238,
    0.5620527880147518,
    0.5551585191742483,
    0.5586250803776636,
    0.5579065317676661,
    0.5612002980424033,
    0.5572488999332103,
    0.5555747704506285,
    0.5554533932756229,
    0.5520744221682393,
    0.5528915332505128,
    0.5573900494032695,
    0.5550149333598062,
    0.5539360503420377,
    0.5580952518251814,
    0.5559576763505506,
    0.555865964921311,
    0.5545147512305993,
    0.5575648053866235,
    0.5537634124982855,
    0.5577056625182477,
    0.5541171248977341,
    0.561910539472257,
    0.5652114295087598,
    0.5613705358289988,
    0.5636034186342779,
    0.5575414807158149,
    0.5644329033770503,
    0.5654016133059997,
    0.5661331907621894,
    0.5610796352903974,
    0.5634297370146427,
    0.573555956091435,
    0.5682236814620418,
    0.5693639738656784,
    0.566881143855731,
    0.5709558090652859,
    0.5758545861941695,
    0.5721227829652371,
    0.570711690721542,
    0.5653327955257295,
    0.56045464309925,
    0.5631562878234415,
    0.5675193635731156,
    0.5613698051789887,
    0.5726845705850289,
    0.5686823981965958,
    0.562119239322331,
    0.5629257533624952,
    0.5656886634152263,
    0.565730021968434,
    0.5633148380529056,
    0.5570794614452926,
    0.5556599206573744,
    0.5590822107123337,
    0.5586409308884613,
    0.5579669019999546,
    0.5545655284540415,
    0.5555852651800317,
    0.55684883520656,
    0.557399493095053,
    0.5511050929219572,
    0.5529441906595721,
    0.5587036456403386,
    0.554329799051846,
    0.5511355756550331,
    0.5501697495278071,
    0.5611985840916959,
    0.5531488272696092,
    0.5577814059826688,
    0.5633607510443134,
    0.5576201765892835,
    0.566126073657339,
    0.5582983822648292,
    0.5667982710792852,
    0.5709312603993344,
    0.5669837836708252,
    0.5693146862742856,
    0.5699194982331626,
    0.5657671840205596,
    0.5691715359876794,
    0.5656997101391031,
    0.5773791675997232,
    0.5679361264445608,
    0.5682435377342676,
    0.5674236160262474,
    0.5694953646109137,
    0.5688936170212766,
    0.5648140341162924,
    0.5706251413068053,
    0.5666723047698353,
    0.5718102333615429,
    0.5647044389861615,
    0.5651528238897838,
    0.5712333544964318,
    0.5649931294317204,
    0.5674531179027967
  ],
  "xg_avg": [
    0.5632319805134283,
    0.5580278658590383,
    0.5546768337096546,
    0.5557739753597775,
    0.555533151306298,
    0.5619274808320217,
    0.564095415950056,
    0.5697961128680344,
    0.5688952997011856,
    0.5666824850714341,
    0.5639557032242785,
    0.5576858851406834,
    0.5551008429715287,
    0.5534565921069194,
    0.5586219489955141,
    0.5658275542143226,
    0.5679745229309581,
    0.5700955624831426,
    0.5685630661151505,
    0.5667073729413789
  ],
  "xg_std": [
    0.001794933169473217,
    0.001963448568827446,
    0.0019354957044989598,
    0.0013700106343261832,
    0.0017333013714105798,
    0.0025745119224392906,
    0.0017612857186295823,
    0.0023081440735391217,
    0.005405251389564308,
    0.004034443786164804,
    0.0014829337529434002,
    0.0012176280009550439,
    0.0022282959503388336,
    0.0029915570495737155,
    0.0034859837983983754,
    0.0041256397979908994,
    0.0018471017987264132,
    0.0037052286980372297,
    0.00255091091639919,
    0.0024660755291492135
  ],
  "xc_avg": [
    0.43676801948657173,
    0.4419721341409617,
    0.44532316629034535,
    0.4442260246402226,
    0.44446684869370195,
    0.4380725191679784,
    0.4359045840499441,
    0.4302038871319656,
    0.4311047002988144,
    0.4333175149285659,
    0.43604429677572165,
    0.44231411485931665,
    0.4448991570284713,
    0.4465434078930806,
    0.4413780510044859,
    0.4341724457856774,
    0.43202547706904193,
    0.4299044375168575,
    0.4314369338848495,
    0.4332926270586211
  ],
  "xc_std": [
    0.001794933169473226,
    0.0019634485688274314,
    0.0019354957044989856,
    0.0013700106343262246,
    0.0017333013714105905,
    0.002574511922439298,
    0.0017612857186295632,
    0.002308144073539141,
    0.005405251389564314,
    0.004034443786164775,
    0.0014829337529434048,
    0.0012176280009550326,
    0.002228295950338825,
    0.002991557049573735,
    0.0034859837983983485,
    0.004125639797990896,
    0.0018471017987264223,
    0.0037052286980372314,
    0.0025509109163991935,
    0.0024660755291492304
  ],
  "hist_bins": [
    0.4233010678520747,
    0.42466153875567053,
    0.42602200965926634,
    0.42738248056286215,
    0.42874295146645797,
    0.4301034223700537,
    0.43146389327364953,
    0.43282436417724535,
    0.43418483508084116,
    0.43554530598443697,
    0.4369057768880328,
    0.4382662477916286,
    0.4396267186952244,
    0.4409871895988202,
    0.44234766050241603,
    0.4437081314060118,
    0.4450686023096076,
    0.4464290732132034,
    0.4477895441167992,
    0.44915001502039503
  ],