{
  "phases": [
    0.0,
    0.6613879270715354,
    1.3227758541430708,
    1.984163781214606,
    2.6455517082861415,
    3.306939635357677,
    3.968327562429212,
    4.6297154895007475,
    5.291103416572283,
    5.9524913436438185,
    6.613879270715354,
    7.2752671977868895,
    7.936655124858424,
    8.59804305192996,
    9.259430979001495,
    9.92081890607303,
    10.582206833144566,
    11.2435947602161,
    11.904982687287637,
    12.566370614359172
  ],
  "xc": [
    0.141613658437993,
    0.15307230822753728,
    0.14015234751155375,
    0.14479142937617898,
    0.1451939037954746,
    0.2821351811248005,
    0.1746864783176998,
    0.27902738583712083,
    0.22955501659796967,
    0.219662158380535,
    0.38046490289740137,
    0.41410162154659585,
    0.26666630477855163,
    0.27809387072268776,
    0.32766280146564036,
    0.48163782430334834,
    0.6160371685780164,
    0.6229639267820241,
    0.5487594760203836,
    0.6331643048603339,
    0.7517853586709231,
    0.699573703229692,
    0.7419926519253998,
    0.7016176604805122,
    0.7500278389977961,
    0.749906727873454,
    0.7099341665688784,
    0.7139344891117587,
    0.7105457037197651,
    0.7532803731163102,
    0.6960210843659047,
    0.5201568816831834,
    0.4937037775044605,
    0.6154334211060256,
    0.7308757273146804,
    0.33946397254964805,
    0.4137127778736634,
    0.3396377660062602,
    0.43264456421300906,
    0.46761876561526927,
    0.25369797419601087,
    0.24023134285157957,
    0.2428828275344904,
    0.1765722031973118,
    0.371999940260167,
    0.1413625676925109,
    0.28341749255961296,
    0.14932189330869716,
    0.16674202582990194,
    0.15682406346782063,
    0.14016351620450215,
    0.14678907829005072,
    0.18339915169067153,
    0.15822290486871504,
    0.14646900580502054,
    0.3108387739666537,
    0.31648244606557013,
    0.30851200678652013,
    0.34126345867431634,
    0.3076422338020755,
    0.49414716102355344,
    0.35187919386627475,
    0.4066950717363195,
    0.47758486596576827,
    0.27991244143608074,
    0.7362917383042259,
    0.6972895402533663,
    0.6840240498174791,
    0.6853083485575695,
    0.5658276600618215,
    0.748389564702864,
    0.7492770831707888,
    0.7496985400998546,
    0.7285034170595339,
    0.7478076476677437,
    0.6865619652896602,
    0.6599149212760648,
    0.6995470213580848,
    0.661747510181041,
    0.7298180377335487,
    0.46244458936280863,
    0.3650333838082287,
    0.4906775406379347,
    0.4885533796588756,
    0.6867967818720596,
    0.23180047720457508,
    0.4254101212992796,
    0.27851924481211154,
    0.28290560968615885,
    0.2537124309618594,
    0.14179072079693947,
    0.15380338662041762,
    0.19468171627500677,
    0.18012760495234575,
    0.1397615891100917,
    0.14898905668136436,
    0.14348161967574954,
    0.1681510544172,
    0.15465085840539228,
    0.19292386104722106
  ],
  "xg": [
    0.858386341562007,
    0.8469276917724627,
    0.8598476524884462,
    0.855208570623821,
    0.8548060962045254,
    0.7178648188751995,
    0.8253135216823002,
    0.7209726141628792,
    0.7704449834020304,
    0.7803378416194651,
    0.6195350971025986,
    0.5858983784534041,
    0.7333336952214484,
    0.7219061292773122,
    0.6723371985343597,
    0.5183621756966517,
    0.3839628314219836,
    0.37703607321797594,
    0.45124052397961645,
    0.366835695139666,
    0.24821464132907686,
    0.3004262967703079,
    0.2580073480746003,
    0.29838233951948784,
    0.24997216100220393,
    0.25009327212654603,
    0.2900658334311216,
    0.28606551088824134,
    0.28945429628023484,
    0.2467196268836897,
    0.30397891563409524,
    0.4798431183168166,
    0.5062962224955395,
    0.3845665788939744,
    0.2691242726853195,
    0.6605360274503519,
    0.5862872221263365,
    0.6603622339937398,
    0.5673554357869909,
    0.5323812343847307,
    0.7463020258039892,
    0.7597686571484205,
    0.7571171724655096,
    0.8234277968026882,
    0.628000059739833,
    0.8586374323074891,
    0.7165825074403871,
    0.8506781066913028,
    0.8332579741700981,
    0.8431759365321794,
    0.8598364837954978,
    0.8532109217099493,
    0.8166008483093284,
    0.841777095131285,
    0.8535309941949795,
    0.6891612260333463,
    0.6835175539344299,
    0.6914879932134799,
    0.6587365413256836,
    0.6923577661979246,
    0.5058528389764465,
    0.6481208061337252,
    0.5933049282636805,
    0.5224151340342318,
    0.7200875585639193,
    0.26370826169577416,
    0.3027104597466337,
    0.31597595018252095,
    0.3146916514424305,
    0.43417233993817844,
    0.251610435297136,
    0.2507229168292112,
    0.25030145990014535,
    0.27149658294046614,
    0.25219235233225634,
    0.31343803471033976,
    0.34008507872393523,
    0.30045297864191517,
    0.3382524898189589,
    0.2701819622664513,
    0.5375554106371914,
    0.6349666161917713,
    0.5093224593620653,
    0.5114466203411244,
    0.3132032181279404,
    0.7681995227954249,
    0.5745898787007204,
    0.7214807551878885,
    0.7170943903138411,
    0.7462875690381406,
    0.8582092792030606,
    0.8461966133795824,
    0.8053182837249933,
    0.8198723950476543,
    0.8602384108899083,
    0.8510109433186356,
    0.8565183803242504,
    0.8318489455828,
    0.8453491415946077,
    0.807076138952779
  ],
  "xg_avg": [
    0.8550352705302524,
    0.762986755948375,
    0.6666020997178246,
    0.41948745989117875,
    0.2710005573391353,
    0.2724797079219667,
    0.38876182160514905,
    0.60138443074843,
    0.742923142392088,
    0.8204663914282913,
    0.844991268628208,
    0.6830522161409729,
    0.5979562531944007,
    0.32625173260110757,
    0.255264749459843,
    0.3124821088323201,
    0.5012988649320185,
    0.7055304232072032,
    0.8379669964490398,
    0.8383607099546145
  ],
  "xg_std": [
    0.004476697092258517,
    0.04010608026914352,
    0.05704897237202147,
    0.0576555188935426,
    0.023434380915040375,
    0.01973178545046508,
    0.09341201456042864,
    0.051234035528545274,
    0.06353734810063989,
    0.05261365883725068,
    0.0153441643633927,
    0.012542281925786047,
    0.07955334379025297,
    0.05718734466506842,
    0.008142831708320112,
    0.025926637460148533,
    0.10462211256457772,
    0.06800312581150138,
    0.021757047361838717,
    0.017661795108121523
  ],
  "xc_avg": [
    0.14496472946974753,
    0.23701324405162513,
    0.3333979002821754,
    0.5805125401088211,
    0.7289994426608647,
    0.7275202920780334,
    0.6112381783948508,
    0.39861556925157,
    0.25707685760791193,
    0.17953360857170872,
    0.155008731371792,
    0.31694778385902717,
    0.40204374680559934,
    0.6737482673988925,
    0.744735250540157,
    0.6875178911676799,
    0.49870113506798147,
    0.2944695767927969,
    0.16203300355096026,
    0.16163929004538544
  ],
  "xc_std": [
    0.0044766970922585385,
    0.040106080269143515,
    0.05704897237202143,
    0.05765551889354258,
    0.023434380915040385,
    0.019731785450465077,
    0.09341201456042861,
    0.05123403552854527,
    0.06353734810063988,
    0.05261365883725069,
    0.015344164363392695,
    0.012542281925786016,
    0.07955334379025297,
    0.05718734466506845,
    0.008142831708320083,
    0.02592663746014854,
    0.10462211256457772,
    0.06800312581150136,
    0.02175704736183873,
    0.017661795108121544
  ],
  "hist_bins": [
    0.15509955871024717,
    0.18577549791055809,
    0.21645143711086903,
    0.24712737631117995,
    0.27780331551149084,
    0.3084792547118018,
    0.33915519391211274,
    0.36983113311242366,
    0.4005070723127346,
    0.4311830115130455,
    0.4618589507133564,
    0.4925348899136674,
    0.5232108291139783,
    0.5538867683142892,
    0.5845627075146002,
    0.6152386467149111,
    0.645914585915222,
    0.676590525115533,
    0.707266464315844,
    0.7379424035161548
  ],