{
  "phases": [
    0.0,
    0.6613879270715354,
    1.3227758541430708,
    1.984163781214606,
    2.6455517082861415,
    3.306939635357677,
    3.968327562429212,
    4.6297154895007475,
    5.291103416572283,
    5.9524913436438185,
    6.613879270715354,
    7.2752671977868895,
    7.936655124858424,
    8.59804305192996,
    9.259430979001495,
    9.92081890607303,
    10.582206833144566,
    11.2435947602161,
    11.904982687287637,
    12.566370614359172
  ],
  "xc": [
    0.04759410927092193,
    0.04584079604897295,
    0.04294381472871107,
    0.040889019808859,
    0.05544391183824007,
    0.043288379966903164,
    0.06673721900827619,
    0.08477694084643213,
    0.11819779945389082,
    0.04457373394599989,
    0.27882175012170146,
    0.34384474146993704,
    0.27258790581289044,
    0.1068932283856243,
    0.26987449121671714,
    0.573893297357991,
    0.3121763796987604,
    0.6070162772381202,
    0.6317170159942159,
    0.42639219646735005,
    0.6755582271172126,
    0.8368695202113906,
    0.4617407740688368,
    0.526887155171227,
    0.7387486884399513,
    0.8398101220643872,
    0.8210600467409805,
    0.8206151843383347,
    0.8484478144316683,
    0.8149054450566929,
    0.7133528213266526,
    0.8504064371834752,
    0.7429854072921486,
    0.6695495004636494,
    0.6232787442045087,
    0.5264125052577221,
    0.6564952073484182,
    0.6895617551400723,
    0.4686333279252046,
    0.5317837351010573,
    0.18194449926972722,
    0.18193165137061693,
    0.3387930644473514,
    0.4304574097561958,
    0.1449117078648684,
    0.17352930990029286,
    0.1245728968212225,
    0.1280323544988906,
    0.09007262928569963,
    0.06309426561101764,
    0.04530471765728859,
    0.09892032317412741,
    0.11048264478041295,
    0.10458291267350664,
    0.0421844291243639,
    0.1514751961544221,
    0.12239345690946153,
    0.10389625658389767,
    0.11506021682063203,
    0.04915969743780962,
    0.5511301194421357,
    0.33140298627197334,
    0.2601592614012854,
    0.3647765297266383,
    0.33105461304341555,
    0.6777104395313438,
    0.7127122512479371,
    0.5816045495444647,
    0.7208113869031934,
    0.7496266245086275,
    0.8060782333144126,
    0.6955993062860223,
    0.8495761678218849,
    0.7329759297984708,
    0.8409411548974551,
    0.835398842073278,
    0.8541665964907553,
    0.8020963075899598,
    0.8433912583253651,
    0.8190235845224879,
    0.7511255957447728,
    0.7185427067695423,
    0.8072901156022416,
    0.6158443327721156,
    0.7414524637062744,
    0.3694784284496568,
    0.38226580456963516,
    0.6630689884970881,
    0.46448794863698556,
    0.3044983738944244,
    0.12838401340852687,
    0.20616161146921327,
    0.1443205734026923,
    0.06380489131593022,
    0.07007772063620318,
    0.04299740788503258,
    0.20164296192085646,
    0.04277274065445641,
    0.042182161550216014,
    0.04299037720563536
  ],
  "xg": [
    0.9524058907290781,
    0.954159203951027,
    0.9570561852712889,
    0.959110980191141,
    0.94455608816176,
    0.9567116200330968,
    0.9332627809917238,
    0.9152230591535678,
    0.8818022005461091,
    0.9554262660540002,
    0.7211782498782986,
    0.656155258530063,
    0.7274120941871096,
    0.8931067716143757,
    0.7301255087832829,
    0.426106702642009,
    0.6878236203012397,
    0.39298372276187976,
    0.3682829840057841,
    0.57360780353265,
    0.32444177288278736,
    0.16313047978860942,
    0.5382592259311632,
    0.47311284482877297,
    0.2612513115600486,
    0.16018987793561282,
    0.1789399532590194,
    0.1793848156616653,
    0.15155218556833175,
    0.18509455494330707,
    0.28664717867334744,
    0.14959356281652483,
    0.2570145927078515,
    0.33045049953635064,
    0.37672125579549126,
    0.4735874947422779,
    0.34350479265158185,
    0.31043824485992766,
    0.5313666720747954,
    0.46821626489894275,
    0.8180555007302728,
    0.818068348629383,
    0.6612069355526485,
    0.5695425902438043,
    0.8550882921351316,
    0.8264706900997072,
    0.8754271031787775,
    0.8719676455011094,
    0.9099273707143004,
    0.9369057343889824,
    0.9546952823427114,
    0.9010796768258726,
    0.8895173552195871,
    0.8954170873264934,
    0.9578155708756361,
    0.8485248038455779,
    0.8776065430905384,
    0.8961037434161023,
    0.884939783179368,
    0.9508403025621904,
    0.4488698805578643,
    0.6685970137280266,
    0.7398407385987146,
    0.6352234702733617,
    0.6689453869565845,
    0.32228956046865614,
    0.2872877487520629,
    0.4183954504555353,
    0.2791886130968067,
    0.25037337549137256,
    0.19392176668558736,
    0.3044006937139777,
    0.15042383217811503,
    0.26702407020152913,
    0.15905884510254487,
    0.16460115792672209,
    0.1458334035092447,
    0.1979036924100402,
    0.15660874167463487,
    0.18097641547751211,
    0.24887440425522722,
    0.2814572932304577,
    0.19270988439775835,
    0.38415566722788436,
    0.2585475362937256,
    0.6305215715503433,
    0.6177341954303648,
    0.33693101150291194,
    0.5355120513630144,
    0.6955016261055756,
    0.8716159865914731,
    0.7938383885307867,
    0.8556794265973077,
    0.9361951086840697,
    0.9299222793637968,
    0.9570025921149674,
    0.7983570380791435,
    0.9572272593455435,
    0.957817838449784,
    0.9570096227943646
  ],
  "xg_avg": [
    0.9534576696608589,
    0.9284851853556996,
    0.745595576598626,
    0.48976096664871244,
    0.3520391269982763,
    0.17103227747358726,
    0.2800854179059131,
    0.42542269384550513,
    0.7443923334582481,
    0.8841397087765752,
    0.91970499451806,
    0.8916030352187555,
    0.6322952980229103,
    0.3115069496528867,
    0.21496584157635085,
    0.16918468219963081,
    0.27314895708101067,
    0.563240091190442,
    0.8774502379534868,
    0.9254828701567606
  ],
  "xg_std": [
    0.005014893359125947,
    0.02793049919347951,
    0.07864514101477435,
    0.12201123501947252,
    0.13713299294676,
    0.01286138006999615,
    0.07678355362526525,
    0.08403241081453507,
    0.11009110392607367,
    0.03741401155444651,
    0.030082668544044924,
    0.03354204810226088,
    0.09785757337639216,
    0.05815457808226283,
    0.06073346402826482,
    0.01837537326144397,
    0.06271270679096047,
    0.1240759141462409,
    0.052351166265641035,
    0.06356361003766477
  ],
  "xc_avg": [
    0.046542330339141,
    0.07151481464430044,
    0.25440442340137404,
    0.5102390333512876,
    0.6479608730017237,
    0.8289677225264128,
    0.7199145820940869,
    0.5745773061544949,
    0.25560766654175193,
    0.11586029122342463,
    0.0802950054819399,
    0.10839696478124458,
    0.36770470197708965,
    0.6884930503471133,
    0.7850341584236491,
    0.8308153178003692,
    0.7268510429189894,
    0.436759908809558,
    0.12254976204651317,
    0.07451712984323937
  ],
  "xc_std": [
    0.005014893359125955,
    0.02793049919347948,
    0.07864514101477436,
    0.12201123501947249,
    0.13713299294676004,
    0.01286138006999617,
    0.07678355362526529,
    0.08403241081453507,
    0.11009110392607369,
    0.03741401155444651,
    0.030082668544044955,
    0.033542048102260864,
    0.09785757337639217,
    0.058154578082262855,
    0.06073346402826483,
    0.018375373261443992,
    0.06271270679096048,
    0.12407591414624089,
    0.052351166265641035,
    0.06356361003766475
  ],
  "hist_bins": [
    0.06122095922590641,
    0.10188483806000123,
    0.14254871689409604,
    0.18321259572819087,
    0.2238764745622857,
    0.2645403533963805,
    0.3052042322304753,
    0.34586811106457016,
    0.386531989898665,
    0.42719586873275983,
    0.46785974756685467,
    0.5085236264009494,
    0.5491875052350442,
    0.5898513840691391,
    0.6305152629032338,
    0.6711791417373287,
    0.7118430205714235,
    0.7525068994055184,
    0.7931707782396131,
    0.833834657073708
  ],