{
  "phases": [
    0.0,
    0.6613879270715354,
    1.3227758541430708,
    1.984163781214606,
    2.6455517082861415,
    3.306939635357677,
    3.968327562429212,
    4.6297154895007475,
    5.291103416572283,
    5.9524913436438185,
    6.613879270715354,
    7.2752671977868895,
    7.936655124858424,
    8.59804305192996,
    9.259430979001495,
    9.92081890607303,
    10.582206833144566,
    11.2435947602161,
    11.904982687287637,
    12.566370614359172
  ],
  "xc": [
    0.5813082884539603,
    0.5873983082320028,
    0.5778426163279665,
    0.5858898211139246,
    0.5729265890447698,
    0.5921384449217849,
    0.5542597617535554,
    0.5328297312799645,
    0.5777255348902085,
    0.5873322507677106,
    0.5384352731042457,
    0.4896619014063093,
    0.5822173068267891,
    0.4964640967814516,
    0.4863577945962981,
    0.44816404130845966,
    0.4358164092528315,
    0.4452727928414094,
    0.38866841308346906,
    0.4580239112301898,
    0.34992158423257885,
    0.35030844269316025,
    0.3353767722092313,
    0.29264177162141297,
    0.3031471553289975,
    0.29214084355304976,
    0.287502624801138,
    0.28750884642604385,
    0.2853574120077037,
    0.29203299058210563,
    0.32881855032465535,
    0.289665603714872,
    0.3169207082011336,
    0.32060333360784815,
    0.308551087997948,
    0.41238734005440103,
    0.37805123486961273,
    0.4813367899709633,
    0.40043140292135576,
    0.3429457003887916,
    0.5225577796762282,
    0.4727850777629103,
    0.5186425956166523,
    0.4625360804920312,
    0.45003054839638473,
    0.5795424862805415,
    0.5767488183783612,
    0.5686965198006985,
    0.5426783517100876,
    0.5351571758049924,
    0.5890996268098214,
    0.5881329212338107,
    0.587059836693034,
    0.5840596742075539,
    0.5790358011782921,
    0.5681256857217359,
    0.5514006963497005,
    0.5656024627837106,
    0.5796644267655997,
    0.5823789840686637,
    0.44101363889349754,
    0.36957495442840194,
    0.5472539560929234,
    0.4980164537805706,
    0.5172371128814373,
    0.39619202774650575,
    0.3242154113402109,
    0.3551335007619264,
    0.35353517864187894,
    0.4110404559295773,
    0.2987711448523891,
    0.32073084560256365,
    0.3157354406734674,
    0.2862541355346818,
    0.29518469979559303,
    0.29143120112601906,
    0.33665221189774797,
    0.3084897059207561,
    0.2934294313283775,
    0.3046932256592502,
    0.3759928813055929,
    0.30464128554577535,
    0.37075428268691185,
    0.4272662334952612,
    0.35116577708280555,
    0.47240731097026584,
    0.44614263176015245,
    0.5337021199801487,
    0.40745073014181543,
    0.5307949976787525,
    0.46745638020489005,
    0.5741513810413148,
    0.572741795124263,
    0.49103963192494415,
    0.5607433284916082,
    0.5907006212223183,
    0.5894325602773043,
    0.5913070724478012,
    0.5868091021878534,
    0.5847323562351142
  ],
  "xg": [
    0.4186917115460397,
    0.4126016917679972,
    0.4221573836720335,
    0.4141101788860754,
    0.4270734109552302,
    0.4078615550782151,
    0.4457402382464446,
    0.4671702687200355,
    0.42227446510979155,
    0.4126677492322895,
    0.46156472689575434,
    0.5103380985936907,
    0.417782693173211,
    0.5035359032185484,
    0.513642205403702,
    0.5518359586915403,
    0.5641835907471685,
    0.5547272071585906,
    0.611331586916531,
    0.5419760887698102,
    0.6500784157674212,
    0.6496915573068398,
    0.6646232277907688,
    0.707358228378587,
    0.6968528446710025,
    0.7078591564469503,
    0.712497375198862,
    0.7124911535739561,
    0.7146425879922963,
    0.7079670094178944,
    0.6711814496753447,
    0.710334396285128,
    0.6830792917988664,
    0.6793966663921519,
    0.691448912002052,
    0.587612659945599,
    0.6219487651303873,
    0.5186632100290367,
    0.5995685970786443,
    0.6570542996112084,
    0.4774422203237718,
    0.5272149222370898,
    0.48135740438334773,
    0.5374639195079688,
    0.5499694516036152,
    0.4204575137194585,
    0.42325118162163883,
    0.43130348019930154,
    0.4573216482899124,
    0.4648428241950076,
    0.4109003731901786,
    0.41186707876618933,
    0.4129401633069661,
    0.41594032579244605,
    0.42096419882170794,
    0.43187431427826406,
    0.4485993036502996,
    0.43439753721628943,
    0.4203355732344003,
    0.4176210159313362,
    0.5589863611065025,
    0.6304250455715981,
    0.45274604390707657,
    0.5019835462194294,
    0.48276288711856274,
    0.6038079722534943,
    0.6757845886597891,
    0.6448664992380736,
    0.646464821358121,
    0.5889595440704227,
    0.7012288551476109,
    0.6792691543974363,
    0.6842645593265325,
    0.7137458644653182,
    0.704815300204407,
    0.7085687988739809,
    0.663347788102252,
    0.6915102940792439,
    0.7065705686716225,
    0.6953067743407497,
    0.6240071186944072,
    0.6953587144542247,
    0.6292457173130881,
    0.5727337665047388,
    0.6488342229171945,
    0.5275926890297341,
    0.5538573682398475,
    0.46629788001985134,
    0.5925492698581846,
    0.4692050023212475,
    0.5325436197951099,
    0.4258486189586852,
    0.42725820487573696,
    0.5089603680750558,
    0.43925667150839176,
    0.4092993787776818,
    0.41056743972269566,
    0.40869292755219877,
    0.4131908978121466,
    0.4152676437648858
  ],
  "xg_avg": [
    0.41892687536547524,
    0.43114285527735524,
    0.48137272545698123,
    0.5648108864567281,
    0.6737208547829239,
    0.7110914565259918,
    0.6870881432307085,
    0.596969506358975,
    0.5146895836111587,
    0.4394353296050638,
    0.41452242797549765,
    0.4305655488621179,
    0.5253807767846339,
    0.6319766851159802,
    0.696664746708261,
    0.6930608448135699,
    0.6340359079767306,
    0.521900441893773,
    0.46677349664259593,
    0.4114036575259218
  ],
  "xg_std": [
    0.005292750524487733,
    0.022239851327826476,
    0.03689869276363041,
    0.024314713221750887,
    0.024023741320954476,
    0.0027113180323987507,
    0.01332409239664841,
    0.0457391028360144,
    0.029727508515641266,
    0.018186106201874636,
    0.0036381469906231713,
    0.011079951692684048,
    0.06293354120102737,
    0.03142972039595383,
    0.012925931076069827,
    0.01620693323248679,
    0.03965085575235101,
    0.04881261711970643,
    0.04494200881822078,
    0.0024738602931764424
  ],
  "xc_avg": [
    0.5810731246345248,
    0.5688571447226448,
    0.5186272745430187,
    0.43518911354327194,
    0.3262791452170762,
    0.2889085434740082,
    0.31291185676929145,
    0.4030304936410249,
    0.4853104163888413,
    0.5605646703949363,
    0.5854775720245025,
    0.569434451137882,
    0.47461922321536615,
    0.36802331488401985,
    0.303335253291739,
    0.30693915518643017,
    0.3659640920232694,
    0.47809955810622695,
    0.533226503357404,
    0.5885963424740782
  ],
  "xc_std": [
    0.005292750524487733,
    0.022239851327826507,
    0.036898692763630433,
    0.024314713221750866,
    0.024023741320954518,
    0.0027113180323987698,
    0.013324092396648432,
    0.045739102836014386,
    0.029727508515641276,
    0.018186106201874632,
    0.0036381469906231613,
    0.011079951692684014,
    0.06293354120102737,
    0.031429720395953833,
    0.012925931076069801,
    0.016206933232486793,
    0.039650855752351,
    0.04881261711970644,
    0.0449420088182208,
    0.002473860293176448
  ],
  "hist_bins": [
    0.2930269378305557,
    0.3083659894762598,
    0.32370504112196385,
    0.3390440927676679,
    0.354383144413372,
    0.369722196059076,
    0.3850612477047801,
    0.40040029935048416,
    0.4157393509961882,
    0.4310784026418923,
    0.4464174542875963,
    0.4617565059333004,
    0.47709555757900446,
    0.49243460922470855,
    0.5077736608704126,
    0.5231127125161166,
    0.5384517641618207,
    0.5537908158075248,
    0.5691298674532288,
    0.584468919098933
  ],