{
  "phases": [
    0.0,
    0.6613879270715354,
    1.3227758541430708,
    1.984163781214606,
    2.6455517082861415,
    3.306939635357677,
    3.968327562429212,
    4.6297154895007475,
    5.291103416572283,
    5.9524913436438185,
    6.613879270715354,
    7.2752671977868895,
    7.936655124858424,
    8.59804305192996,
    9.259430979001495,
    9.92081890607303,
    10.582206833144566,
    11.2435947602161,
    11.904982687287637,
    12.566370614359172
  ],
  "xc": [
    0.4299601154815346,
    0.4309570398798177,
    0.4283875133905301,
    0.42725359597346385,
    0.4363751220648156,
    0.42887289105094456,
    0.4271055832895963,
    0.42262527874645156,
    0.4289459864680767,
    0.4288258518297336,
    0.4269094519057785,
    0.42535028190963237,
    0.4239053924535261,
    0.42740663720648125,
    0.4286368415075955,
    0.431967849868182,
    0.43526823185976565,
    0.4271060970098717,
    0.4398232255946085,
    0.4351196845996508,
    0.4378916342896515,
    0.43943387859676786,
    0.4448044511937066,
    0.43440137062032563,
    0.43811270805221064,
    0.44467472814355186,
    0.44575471993330823,
    0.4415846093913877,
    0.4483344323881462,
    0.44457717622274584,
    0.45362470818820766,
    0.44885137957006005,
    0.45253852784500137,
    0.45278115175764505,
    0.45014634738934733,
    0.45583722790672054,
    0.4510217859695297,
    0.4531387773780336,
    0.45098889937951897,
    0.4515447084492403,
    0.4443328180031125,
    0.43534232852021154,
    0.4521763426989096,
    0.43994260795468787,
    0.4459302959643119,
    0.44152651480591626,
    0.4389521909810458,
    0.4348968386737014,
    0.43058235701615233,
    0.4409803923943174,
    0.4248946124982628,
    0.4264578720943618,
    0.4244595313711149,
    0.4371028898738293,
    0.42868248587570623,
    0.427940007210197,
    0.42810699503134536,
    0.42901633029146735,
    0.4275848514509666,
    0.41862379901122476,
    0.42184058207205455,
    0.43115228304737835,
    0.4215251183967892,
    0.4297651748225715,
    0.4298431437572542,
    0.4373731440283957,
    0.4283291614366216,
    0.4274290990768699,
    0.4324007068704579,
    0.4304234530222278,
    0.44063465855638095,
    0.43596666046182264,
    0.43976919408181936,
    0.4307009443009585,
    0.4389239942430265,
    0.4469503204454249,
    0.4475899599916168,
    0.44901846138535034,
    0.4488343973890724,
    0.448105331011212,
    0.45064574048701345,
    0.45238827459038516,
    0.4503246293059075,
    0.45344839130212167,
    0.45237770253705534,
    0.44868492689155437,
    0.45137434846527374,
    0.4494319365555407,
    0.45108089260808926,
    0.4508460122638018,
    0.44835257037225995,
    0.4452652844180157,
    0.4512422185256051,
    0.45648614250236313,
    0.44990836073527035,
    0.4474369090112092,
    0.4369109883061134,
    0.42833493705446685,
    0.43428966341663866,
    0.4377325808024406
  ],
  "xg": [
    0.5700398845184653,
    0.5690429601201823,
    0.5716124866094698,
    0.5727464040265361,
    0.5636248779351843,
    0.5711271089490554,
    0.5728944167104038,
    0.5773747212535484,
    0.5710540135319233,
    0.5711741481702665,
    0.5730905480942214,
    0.5746497180903676,
    0.5760946075464739,
    0.5725933627935188,
    0.5713631584924045,
    0.568032150131818,
    0.5647317681402343,
    0.5728939029901283,
    0.5601767744053915,
    0.5648803154003492,
    0.5621083657103485,
    0.5605661214032321,
    0.5551955488062934,
    0.5655986293796743,
    0.5618872919477893,
    0.5553252718564482,
    0.5542452800666918,
    0.5584153906086122,
    0.5516655676118538,
    0.5554228237772542,
    0.5463752918117923,
    0.55114862042994,
    0.5474614721549986,
    0.547218848242355,
    0.5498536526106527,
    0.5441627720932795,
    0.5489782140304703,
    0.5468612226219665,
    0.5490111006204811,
    0.5484552915507598,
    0.5556671819968876,
    0.5646576714797884,
    0.5478236573010904,
    0.5600573920453121,
    0.5540697040356881,
    0.5584734851940837,
    0.5610478090189542,
    0.5651031613262987,
    0.5694176429838477,
    0.5590196076056826,
    0.5751053875017371,
    0.5735421279056382,
    0.5755404686288851,
    0.5628971101261707,
    0.5713175141242938,
    0.572059992789803,
    0.5718930049686547,
    0.5709836697085326,
    0.5724151485490334,
    0.5813762009887752,
    0.5781594179279455,
    0.5688477169526217,
    0.5784748816032108,
    0.5702348251774285,
    0.5701568562427458,
    0.5626268559716042,
    0.5716708385633784,
    0.5725709009231301,
    0.567599293129542,
    0.5695765469777722,
    0.559365341443619,
    0.5640333395381774,
    0.5602308059181806,
    0.5692990556990415,
    0.5610760057569735,
    0.5530496795545752,
    0.5524100400083831,
    0.5509815386146497,
    0.5511656026109276,
    0.5518946689887879,
    0.5493542595129866,
    0.5476117254096149,
    0.5496753706940926,
    0.5465516086978783,
    0.5476222974629447,
    0.5513150731084456,
    0.5486256515347262,
    0.5505680634444593,
    0.5489191073919107,
    0.5491539877361982,
    0.55164742962774,
    0.5547347155819843,
    0.5487577814743949,
    0.5435138574976369,
    0.5500916392647297,
    0.5525630909887908,
    0.5630890116938866,
    0.5716650629455331,
    0.5657103365833613,
    0.5622674191975594
  ],
  "xg_avg": [
    0.5694133226419675,
    0.5727248817230394,
    0.5735582790033973,
    0.5661429822135842,
    0.5610711914494676,
    0.5550148667841721,
    0.5484115770499478,
    0.5474937201833914,
    0.5564551213717533,
    0.5626123412257733,
    0.5716805216573451,
    0.5737456034009598,
    0.5731747395807905,
    0.5688088871130853,
    0.5628009096711983,
    0.5519003059554647,
    0.5481630523555034,
    0.549716376643148,
    0.5497490846892972,
    0.5630589842818262
  ],
  "xg_std": [
    0.003161695557077811,
    0.0024248382491411074,
    0.0016487929713737684,
    0.00420298405914332,
    0.003376913291885373,
    0.0021742314117452273,
    0.0017912424334935264,
    0.0018398941932431462,
    0.0056757628317120066,
    0.004123152724161187,
    0.004634103302557826,
    0.0038444196302010623,
    0.0042287673156192656,
    0.0035387410845643882,
    0.003609117372353853,
    0.0007700445027986819,
    0.0011746666902624917,
    0.0010414222582078223,
    0.0036996841145176835,
    0.006194925535301594
  ],
  "xc_avg": [
    0.4305866773580324,
    0.4272751182769605,
    0.42644172099660277,
    0.4338570177864158,
    0.4389288085505324,
    0.44498513321582794,
    0.45158842295005225,
    0.4525062798166086,
    0.44354487862824665,
    0.43738765877422664,
    0.42831947834265494,
    0.42625439659904024,
    0.4268252604192096,
    0.4311911128869146,
    0.4371990903288016,
    0.4480996940445353,
    0.4518369476444966,
    0.450283623356852,
    0.4502509153107028,
    0.4369410157181738
  ],
  "xc_std": [
    0.0031616955570778122,
    0.0024248382491411278,
    0.0016487929713737792,
    0.004202984059143321,
    0.003376913291885391,
    0.0021742314117452473,
    0.0017912424334935338,
    0.001839894193243135,
    0.005675762831712024,
    0.004123152724161174,
    0.0046341033025578335,
    0.003844419630201089,
    0.004228767315619277,
    0.003538741084564368,
    0.0036091173723538524,
    0.0007700445027986858,
    0.0011746666902624824,
    0.0010414222582078045,
    0.0036996841145177013,
    0.006194925535301591
  ],
  "hist_bins": [
    0.41957035759850325,
    0.4214634747730601,
    0.4233565919476171,
    0.42524970912217397,
    0.42714282629673095,
    0.4290359434712878,
    0.4309290606458447,
    0.43282217782040167,
    0.43471529499495853,
    0.4366084121695155,
    0.4385015293440724,
    0.44039464651862936,
    0.44228776369318623,
    0.4441808808677432,
    0.4460739980423001,
    0.44796711521685695,
    0.44986023239141393,
    0.4517533495659708,
    0.4536464667405278,
    0.45553958391508464
  ],