{
  "phases": [
    0.0,
    0.6613879270715354,
    1.3227758541430708,
    1.984163781214606,
    2.6455517082861415,
    3.306939635357677,
    3.968327562429212,
    4.6297154895007475,
    5.291103416572283,
    5.9524913436438185,
    6.613879270715354,
    7.2752671977868895,
    7.936655124858424,
    8.59804305192996,
    9.259430979001495,
    9.92081890607303,
    10.582206833144566,
    11.2435947602161,
    11.904982687287637,
    12.566370614359172
  ],
  "xc": [
    0.4097068425923038,
    0.4051200238293275,
    0.4140889184544598,
    0.42293339394709223,
    0.4279428327766696,
    0.44464531531509266,
    0.4495619734365181,
    0.45426473843901605,
    0.44177428255723766,
    0.4233457146956429,
    0.45427639453430085,
    0.4596326839845689,
    0.46085742824605763,
    0.46545802675786657,
    0.4672132178831961,
    0.46919472732361617,
    0.4699959746465828,
    0.47062621826465906,
    0.4672734297313902,
    0.4698828692780775,
    0.4546221566141981,
    0.45673874291838734,
    0.471219807478468,
    0.45647905262998284,
    0.46620986032035866,
    0.43688808251418715,
    0.4292389192053389,
    0.4459696597752292,
    0.42414139586453287,
    0.4226625583409117,
    0.4127686182081719,
    0.414789139225881,
    0.4277963097231975,
    0.4144938333445635,
    0.4208386836231558,
    0.40728723833402636,
    0.4064660168631218,
    0.41114360364901475,
    0.404820631118209,
    0.40557205209817815,
    0.41227038395210486,
    0.4127875397838806,
    0.4137848754755399,
    0.405910299233141,
    0.40302366329457984,
    0.430767063361457,
    0.4344351235291408,
    0.4331359478993575,
    0.4130345632948718,
    0.44679115998297236,
    0.44012236687438216,
    0.4545746891719694,
    0.44653861242351955,
    0.41905682252863274,
    0.46202858799189184,
    0.4591349094738701,
    0.46664086438468977,
    0.4649388638774247,
    0.4616040689389763,
    0.461768151998307,
    0.4744367496138931,
    0.47001154747164364,
    0.4727712709086518,
    0.47171528765825044,
    0.47077579310846357,
    0.461800795538188,
    0.46921674947629527,
    0.46437908179132326,
    0.47361405220281855,
    0.4722348912304112,
    0.4402358105553678,
    0.44340003221813606,
    0.4476506396843043,
    0.4441643659132751,
    0.4483111005210238,
    0.4270855924008583,
    0.42850804968904377,
    0.4391495660256221,
    0.44024589470228737,
    0.4225212148566827,
    0.4143470828330047,
    0.4085042230496776,
    0.40548379109227173,
    0.4120289549441403,
    0.4183841761713514,
    0.4042504503106006,
    0.40646836725296986,
    0.4088040758734148,
    0.40248368439705196,
    0.40387713671483366,
    0.41426894509679385,
    0.4067116818578671,
    0.409658731803678,
    0.42616046494075027,
    0.42712943774864337,
    0.4427013322036685,
    0.4446777831925765,
    0.44913933989061827,
    0.44235770278119724,
    0.43994342110860596
  ],
  "xg": [
    0.5902931574076963,
    0.5948799761706726,
    0.5859110815455402,
    0.5770666060529078,
    0.5720571672233303,
    0.5553546846849073,
    0.5504380265634818,
    0.545735261560984,
    0.5582257174427624,
    0.5766542853043571,
    0.5457236054656991,
    0.5403673160154311,
    0.5391425717539423,
    0.5345419732421334,
    0.532786782116804,
    0.5308052726763839,
    0.5300040253534172,
    0.5293737817353409,
    0.5327265702686098,
    0.5301171307219226,
    0.545377843385802,
    0.5432612570816127,
    0.528780192521532,
    0.5435209473700171,
    0.5337901396796414,
    0.5631119174858128,
    0.5707610807946611,
    0.5540303402247708,
    0.5758586041354672,
    0.5773374416590883,
    0.5872313817918281,
    0.585210860774119,
    0.5722036902768025,
    0.5855061666554364,
    0.5791613163768442,
    0.5927127616659736,
    0.5935339831368782,
    0.5888563963509853,
    0.595179368881791,
    0.5944279479018219,
    0.5877296160478951,
    0.5872124602161194,
    0.5862151245244601,
    0.5940897007668591,
    0.5969763367054202,
    0.569232936638543,
    0.5655648764708592,
    0.5668640521006425,
    0.5869654367051282,
    0.5532088400170276,
    0.5598776331256179,
    0.5454253108280306,
    0.5534613875764804,
    0.5809431774713673,
    0.5379714120081082,
    0.54086509052613,
    0.5333591356153102,
    0.5350611361225753,
    0.5383959310610237,
    0.538231848001693,
    0.5255632503861069,
    0.5299884525283564,
    0.5272287290913482,
    0.5282847123417496,
    0.5292242068915364,
    0.538199204461812,
    0.5307832505237047,
    0.5356209182086767,
    0.5263859477971815,
    0.5277651087695888,
    0.5597641894446322,
    0.5565999677818639,
    0.5523493603156957,
    0.5558356340867249,
    0.5516888994789761,
    0.5729144075991417,
    0.5714919503109562,
    0.560850433974378,
    0.5597541052977126,
    0.5774787851433173,
    0.5856529171669953,
    0.5914957769503224,
    0.5945162089077283,
    0.5879710450558597,
    0.5816158238286486,
    0.5957495496893994,
    0.5935316327470301,
    0.5911959241265852,
    0.597516315602948,
    0.5961228632851663,
    0.5857310549032061,
    0.5932883181421329,
    0.5903412681963219,
    0.5738395350592498,
    0.5728705622513567,
    0.5572986677963315,
    0.5553222168074236,
    0.5508606601093817,
    0.5576422972188028,
    0.560056578891394
  ],
  "xg_avg": [
    0.5840415976800294,
    0.5572815951112985,
    0.538512449718802,
    0.530605356151135,
    0.5389460760077209,
    0.56821987685996,
    0.581862683175006,
    0.5929420915874901,
    0.5904446476521508,
    0.56836722838644,
    0.5555357842019208,
    0.5371826282653465,
    0.5280578702478195,
    0.5317508859521928,
    0.5552476102215785,
    0.5684979364651012,
    0.5882503543819109,
    0.5948232570902258,
    0.5832141477104534,
    0.5562360841646667
  ],
  "xg_std": [
    0.008394337363107348,
    0.010583550680259615,
    0.00456916410088094,
    0.0011537984476410307,
    0.006493792940366336,
    0.008664549135216852,
    0.005548003538776724,
    0.0022049495260967667,
    0.004281510766518294,
    0.010830810279992565,
    0.014692986412510442,
    0.002655308606846018,
    0.0015523884665755538,
    0.0045202491246977075,
    0.002954264902862526,
    0.00698661372908814,
    0.004486321210824723,
    0.0022192519580798743,
    0.008408242392239732,
    0.003080033649349533
  ],
  "xc_avg": [
    0.4159584023199706,
    0.4427184048887015,
    0.46148755028119803,
    0.4693946438488652,
    0.461053923992279,
    0.43178012314003994,
    0.418137316824994,
    0.40705790841251,
    0.40955535234784923,
    0.4316327716135599,
    0.4444642157980791,
    0.46281737173465365,
    0.47194212975218053,
    0.4682491140478072,
    0.44475238977842146,
    0.43150206353489884,
    0.41174964561808913,
    0.40517674290977423,
    0.41678585228954645,
    0.4437639158353333
  ],
  "xc_std": [
    0.008394337363107322,
    0.010583550680259587,
    0.004569164100880962,
    0.0011537984476410218,
    0.006493792940366324,
    0.008664549135216831,
    0.005548003538776731,
    0.002204949526096787,
    0.004281510766518277,
    0.010830810279992546,
    0.01469298641251044,
    0.0026553086068460117,
    0.001552388466575544,
    0.004520249124697718,
    0.0029542649028624956,
    0.006986613729088153,
    0.004486321210824724,
    0.002219251958079863,
    0.008408242392239768,
    0.0030800336493495366
  ],
  "hist_bins": [
    0.404282511027473,
    0.40788016428831503,
    0.4114778175491571,
    0.4150754708099992,
    0.41867312407084123,
    0.4222707773316833,
    0.4258684305925253,
    0.4294660838533674,
    0.4330637371142094,
    0.4366613903750515,
    0.4402590436358936,
    0.4438566968967356,
    0.4474543501575777,
    0.4510520034184197,
    0.45464965667926177,
    0.4582473099401038,
    0.46184496320094587,
    0.465442616461788,
    0.46904026972263,
    0.47263792298347207
  ],