{
  "phases": [
    0.0,
    0.6613879270715354,
    1.3227758541430708,
    1.984163781214606,
    2.6455517082861415,
    3.306939635357677,
    3.968327562429212,
    4.6297154895007475,
    5.291103416572283,
    5.9524913436438185,
    6.613879270715354,
    7.2752671977868895,
    7.936655124858424,
    8.59804305192996,
    9.259430979001495,
    9.92081890607303,
    10.582206833144566,
    11.2435947602161,
    11.904982687287637,
    12.566370614359172
  ],
  "xc": [
    0.4098390239174968,
    0.442406933028327,
    0.31863885198957526,
    0.4703399829065812,
    0.5249681345786587,
    0.6957377014486312,
    0.7017202214382681,
    0.5102918501898325,
    0.6889160282127528,
    0.7139877843837337,
    0.8230422111073794,
    0.8167165893517694,
    0.8147773585088041,
    0.8198174041183451,
    0.8144452149095038,
    0.8050594041492442,
    0.7746033321634483,
    0.7899294356809163,
    0.7339855902243656,
    0.8135692136774973,
    0.49944847147809646,
    0.7154975347246963,
    0.5545437066902142,
    0.6768659339061307,
    0.5359754082104846,
    0.2120410916007868,
    0.19419244960461152,
    0.12642415398225698,
    0.32567103190598906,
    0.3718535298747155,
    0.07756603906870058,
    0.10130373377429863,
    0.15765748664757798,
    0.12300251291866802,
    0.07183589925261143,
    0.14438943391317957,
    0.07105714597564566,
    0.13301186093027403,
    0.07434969730155724,
    0.07097256668201772,
    0.07823026103219702,
    0.2731518788462664,
    0.20026777909091598,
    0.17517930568543316,
    0.11276374072393273,
    0.4512981723881353,
    0.3922228910711628,
    0.4496275329744815,
    0.46669279249987616,
    0.2814395306151264,
    0.5025312489423561,
    0.6034201357151536,
    0.7315033807947967,
    0.5042557863044032,
    0.708114990939811,
    0.7163441843952263,
    0.8200721260835152,
    0.7943630079103634,
    0.8073951857776416,
    0.8110171263617446,
    0.8267882412452857,
    0.6029340364204018,
    0.7940651232554945,
    0.8053284762772094,
    0.758682361659375,
    0.5233800206141523,
    0.7306472793665362,
    0.5405496222856049,
    0.6071510576376015,
    0.7560933990395786,
    0.31433662029450754,
    0.17662364742759,
    0.342976188406553,
    0.3631057735419115,
    0.3240925370244894,
    0.4172571199881486,
    0.1230230754902513,
    0.26457392332215995,
    0.5162284460261549,
    0.11989585505138597,
    0.09939091857040008,
    0.14264887493925518,
    0.07507951927965945,
    0.09598772931600048,
    0.08815660108480718,
    0.0867073267741471,
    0.0748683730272346,
    0.23566847870128516,
    0.13057161818433027,
    0.09061240740968565,
    0.3525595759515169,
    0.40281309845512886,
    0.23926632348956922,
    0.2205071175820883,
    0.46057874536159643,
    0.5525291428418554,
    0.6148010719895679,
    0.535017108588413,
    0.6449766505388643,
    0.6151348519956173
  ],
  "xg": [
    0.5901609760825032,
    0.557593066971673,
    0.6813611480104248,
    0.5296600170934188,
    0.47503186542134135,
    0.3042622985513687,
    0.2982797785617319,
    0.4897081498101675,
    0.3110839717872472,
    0.2860122156162663,
    0.17695778889262054,
    0.18328341064823064,
    0.18522264149119597,
    0.18018259588165492,
    0.18555478509049614,
    0.19494059585075588,
    0.2253966678365517,
    0.21007056431908364,
    0.26601440977563445,
    0.18643078632250262,
    0.5005515285219035,
    0.28450246527530365,
    0.44545629330978576,
    0.3231340660938693,
    0.46402459178951544,
    0.7879589083992132,
    0.8058075503953885,
    0.873575846017743,
    0.674328968094011,
    0.6281464701252845,
    0.9224339609312994,
    0.8986962662257014,
    0.842342513352422,
    0.876997487081332,
    0.9281641007473885,
    0.8556105660868204,
    0.9289428540243543,
    0.8669881390697259,
    0.9256503026984427,
    0.9290274333179823,
    0.921769738967803,
    0.7268481211537337,
    0.799732220909084,
    0.8248206943145668,
    0.8872362592760673,
    0.5487018276118647,
    0.6077771089288372,
    0.5503724670255186,
    0.5333072075001238,
    0.7185604693848736,
    0.49746875105764393,
    0.3965798642848464,
    0.2684966192052033,
    0.49574421369559685,
    0.29188500906018905,
    0.28365581560477376,
    0.17992787391648482,
    0.20563699208963665,
    0.19260481422235845,
    0.18898287363825533,
    0.1732117587547143,
    0.39706596357959817,
    0.2059348767445055,
    0.19467152372279067,
    0.24131763834062506,
    0.47661997938584766,
    0.2693527206334638,
    0.45945037771439506,
    0.39284894236239853,
    0.24390660096042135,
    0.6856633797054924,
    0.82337635257241,
    0.657023811593447,
    0.6368942264580885,
    0.6759074629755106,
    0.5827428800118515,
    0.8769769245097487,
    0.73542607667784,
    0.48377155397384514,
    0.880104144948614,
    0.9006090814296,
    0.8573511250607448,
    0.9249204807203405,
    0.9040122706839995,
    0.9118433989151928,
    0.913292673225853,
    0.9251316269727654,
    0.7643315212987148,
    0.8694283818156697,
    0.9093875925903143,
    0.6474404240484831,
    0.5971869015448712,
    0.7607336765104308,
    0.7794928824179117,
    0.5394212546384036,
    0.4474708571581446,
    0.3851989280104321,
    0.46498289141158705,
    0.3550233494611356,
    0.3848651480043826
  ],
  "xg_avg": [
    0.5667614147158722,
    0.33786928286535634,
    0.18224024440083966,
    0.21657060482090565,
    0.40353378899807557,
    0.7539635486063281,
    0.8937268656676288,
    0.9012438590394651,
    0.8320814069242509,
    0.5917438160902436,
    0.39003489146069587,
    0.2101616738943018,
    0.24244035222844676,
    0.36843572421130527,
    0.6957730466609897,
    0.7118043160243799,
    0.8997472713619755,
    0.8763143591806635,
    0.6648550278320201,
    0.4075082348091364
  ],
  "xg_std": [
    0.0686374837286581,
    0.07636544778104704,
    0.0032590588160531166,
    0.028075276349301296,
    0.08421596860774094,
    0.08980221640011608,
    0.03147995931083649,
    0.03283500446562701,
    0.06820452603780598,
    0.06829138825828858,
    0.09712289400817019,
    0.037663587652046304,
    0.08039583203581384,
    0.09582113501320182,
    0.06595099566715368,
    0.15800038317685722,
    0.022787597188772036,
    0.059045631128552926,
    0.09268271486549459,
    0.04163033767928911
  ],
  "xc_avg": [
    0.4332385852841278,
    0.6621307171346438,
    0.8177597555991604,
    0.7834293951790943,
    0.5964662110019244,
    0.24603645139367197,
    0.10627313433237133,
    0.09875614096053485,
    0.16791859307574905,
    0.4082561839097564,
    0.6099651085393042,
    0.7898383261056983,
    0.7575596477715534,
    0.6315642757886947,
    0.3042269533390103,
    0.2881956839756202,
    0.10025272863802448,
    0.12368564081933657,
    0.3351449721679799,
    0.5924917651908637
  ],
  "xc_std": [
    0.06863748372865809,
    0.07636544778104702,
    0.0032590588160531044,
    0.02807527634930127,
    0.08421596860774094,
    0.08980221640011608,
    0.03147995931083651,
    0.032835004465627,
    0.06820452603780598,
    0.0682913882582886,
    0.09712289400817019,
    0.03766358765204628,
    0.08039583203581387,
    0.09582113501320182,
    0.06595099566715365,
    0.15800038317685725,
    0.02278759718877206,
    0.059045631128552926,
    0.09268271486549462,
    0.04163033767928907
  ],
  "hist_bins": [
    0.08986795854609941,
    0.12765874227426283,
    0.1654495260024262,
    0.20324030973058962,
    0.24103109345875304,
    0.2788218771869164,
    0.3166126609150798,
    0.35440344464324325,
    0.3921942283714066,
    0.4299850120995701,
    0.46777579582773343,
    0.5055665795558968,
    0.5433573632840603,
    0.5811481470122235,
    0.618938930740387,
    0.6567297144685504,
    0.6945204981967137,
    0.7323112819248772,
    0.7701020656530406,
    0.807892849381204
  ],