{
  "phases": [
    0.0,
    0.6613879270715354,
    1.3227758541430708,
    1.984163781214606,
    2.6455517082861415,
    3.306939635357677,
    3.968327562429212,
    4.6297154895007475,
    5.291103416572283,
    5.9524913436438185,
    6.613879270715354,
    7.2752671977868895,
    7.936655124858424,
    8.59804305192996,
    9.259430979001495,
    9.92081890607303,
    10.582206833144566,
    11.2435947602161,
    11.904982687287637,
    12.566370614359172
  ],
  "xc": [
    0.38099639420748665,
    0.36370857192489103,
    0.4134156139377793,
    0.3873723790708049,
    0.39720577887862646,
    0.33269458407180613,
    0.3262837237825341,
    0.3308822819051299,
    0.32007498743064117,
    0.32138633019022184,
    0.32098558872083166,
    0.320388048098691,
    0.32078993555515095,
    0.320352492506885,
    0.32641734327506905,
    0.3328820343029323,
    0.3347842387432985,
    0.3666457227962394,
    0.3626289663902523,
    0.33199841883914283,
    0.39633838668109345,
    0.38102078778710824,
    0.4382979853952542,
    0.455312930110667,
    0.36411706786240533,
    0.5349668813428289,
    0.5426418613377331,
    0.5150780878870791,
    0.4443832192079993,
    0.5209328073301095,
    0.5593482469179666,
    0.5582797341766742,
    0.5340417311666524,
    0.5581014486078789,
    0.5576145442242207,
    0.5381942029209529,
    0.5559102103669952,
    0.5001584332096287,
    0.5401531010138324,
    0.5199180441150227,
    0.4874295430543417,
    0.4935083786901153,
    0.4986457594641671,
    0.4793770044304359,
    0.4736237622312243,
    0.46189472533723486,
    0.38107284376336403,
    0.4206601658907427,
    0.36501331009870497,
    0.4453600477341959,
    0.360962817727291,
    0.3251536125346857,
    0.3779234399580493,
    0.3839581951935503,
    0.33586018032663945,
    0.3214889521844385,
    0.32319552759872794,
    0.3199663788098974,
    0.328888729598861,
    0.3304704204833685,
    0.383659756097561,
    0.32797012603558473,
    0.3256722038386864,
    0.32703050687127205,
    0.34473297555994653,
    0.37103460472180466,
    0.44891786917984494,
    0.44014688368400157,
    0.43212795026059475,
    0.362125829639818,
    0.4781329367582536,
    0.5198833288667568,
    0.492219583149942,
    0.439702274025911,
    0.5305688309760463,
    0.5464064653227686,
    0.5546266801336337,
    0.5136977132721857,
    0.5436003957774996,
    0.5552662816066419,
    0.5487896858570659,
    0.5528256048902279,
    0.5575354912564842,
    0.5256616821989899,
    0.5270185463386735,
    0.4775498937186515,
    0.5302547749543265,
    0.49956366945953906,
    0.4620466291112446,
    0.5310269421934312,
    0.4569621233178364,
    0.4512614995128382,
    0.4249343675644567,
    0.42406959835278524,
    0.4955010079570209,
    0.36570141561580816,
    0.347480066602591,
    0.3601514976074365,
    0.3392601633373854,
    0.32261973528894694
  ],
  "xg": [
    0.6190036057925133,
    0.636291428075109,
    0.5865843860622207,
    0.6126276209291951,
    0.6027942211213735,
    0.6673054159281938,
    0.6737162762174659,
    0.6691177180948701,
    0.6799250125693588,
    0.6786136698097782,
    0.6790144112791684,
    0.679611951901309,
    0.6792100644448491,
    0.679647507493115,
    0.673582656724931,
    0.6671179656970677,
    0.6652157612567016,
    0.6333542772037606,
    0.6373710336097477,
    0.6680015811608572,
    0.6036616133189066,
    0.6189792122128918,
    0.5617020146047458,
    0.544687069889333,
    0.6358829321375946,
    0.4650331186571711,
    0.457358138662267,
    0.48492191211292085,
    0.5556167807920007,
    0.47906719266989056,
    0.4406517530820334,
    0.4417202658233258,
    0.4659582688333476,
    0.4418985513921211,
    0.44238545577577926,
    0.4618057970790471,
    0.4440897896330048,
    0.49984156679037134,
    0.45984689898616754,
    0.4800819558849773,
    0.5125704569456583,
    0.5064916213098847,
    0.5013542405358329,
    0.520622995569564,
    0.5263762377687757,
    0.5381052746627651,
    0.618927156236636,
    0.5793398341092573,
    0.634986689901295,
    0.5546399522658041,
    0.639037182272709,
    0.6748463874653142,
    0.6220765600419507,
    0.6160418048064498,
    0.6641398196733606,
    0.6785110478155615,
    0.6768044724012721,
    0.6800336211901026,
    0.6711112704011389,
    0.6695295795166315,
    0.616340243902439,
    0.6720298739644153,
    0.6743277961613137,
    0.672969493128728,
    0.6552670244400535,
    0.6289653952781953,
    0.551082130820155,
    0.5598531163159984,
    0.5678720497394053,
    0.637874170360182,
    0.5218670632417464,
    0.4801166711332432,
    0.5077804168500579,
    0.560297725974089,
    0.4694311690239536,
    0.4535935346772314,
    0.44537331986636625,
    0.4863022867278143,
    0.45639960422250037,
    0.44473371839335807,
    0.4512103141429341,
    0.4471743951097721,
    0.44246450874351584,
    0.47433831780101016,
    0.4729814536613265,
    0.5224501062813486,
    0.46974522504567345,
    0.500436330540461,
    0.5379533708887554,
    0.4689730578065688,
    0.5430378766821635,
    0.5487385004871618,
    0.5750656324355433,
    0.5759304016472148,
    0.5044989920429791,
    0.6342985843841918,
    0.652519933397409,
    0.6398485023925635,
    0.6607398366626146,
    0.6773802647110531
  ],
  "xg_avg": [
    0.6114602523960823,
    0.6737356185239334,
    0.6782133183686746,
    0.654212123785627,
    0.5929825684326944,
    0.4883994285788501,
    0.4465228589813214,
    0.4691332016747136,
    0.5134831104259431,
    0.5851997814351515,
    0.6432283508519567,
    0.6751979982649413,
    0.6581868863193898,
    0.5891293725027873,
    0.507898609244618,
    0.45728049277745403,
    0.45763379789171166,
    0.4999116181125614,
    0.5494542806590126,
    0.6529574243095664
  ],
  "xg_std": [
    0.016545458828769986,
    0.004995535345019554,
    0.0023277179405470565,
    0.015469078900089698,
    0.03447096436383508,
    0.03500543473639299,
    0.009734189926263863,
    0.01913100974468421,
    0.009099824545438874,
    0.03688470353757031,
    0.02298287276197891,
    0.00414180205439319,
    0.022046994427864675,
    0.036659322349871175,
    0.032225391084967143,
    0.015204186679702152,
    0.013381771977656528,
    0.02765009768816429,
    0.02615181400286616,
    0.01534424070975437
  ],
  "xc_avg": [
    0.38853974760391774,
    0.3262643814760666,
    0.3217866816313255,
    0.3457878762143731,
    0.40701743156730563,
    0.51160057142115,
    0.5534771410186786,
    0.5308667983252864,
    0.48651688957405687,
    0.4148002185648485,
    0.35677164914804316,
    0.3248020017350587,
    0.3418131136806101,
    0.4108706274972128,
    0.492101390755382,
    0.5427195072225459,
    0.5423662021082882,
    0.5000883818874386,
    0.45054571934098747,
    0.3470425756904336
  ],
  "xc_std": [
    0.01654545882877,
    0.004995535345019542,
    0.002327717940547077,
    0.015469078900089691,
    0.034470964363835094,
    0.035005434736393004,
    0.00973418992626384,
    0.01913100974468417,
    0.009099824545438867,
    0.03688470353757031,
    0.022982872761978926,
    0.004141802054393179,
    0.022046994427864657,
    0.03665932234987118,
    0.03222539108496714,
    0.015204186679702145,
    0.013381771977656512,
    0.02765009768816426,
    0.026151814002866158,
    0.01534424070975437
  ],
  "hist_bins": [
    0.3259509255125992,
    0.3379200189180026,
    0.349889112323406,
    0.36185820572880956,
    0.373827299134213,
    0.38579639253961645,
    0.3977654859450199,
    0.40973457935042334,
    0.4217036727558268,
    0.4336727661612303,
    0.4456418595666337,
    0.4576109529720372,
    0.46958004637744066,
    0.4815491397828441,
    0.49351823318824756,
    0.505487326593651,
    0.5174564199990546,
    0.5294255134044579,
    0.5413946068098614,
    0.5533637002152649
  ],