{
  "phases": [
    0.0,
    0.6613879270715354,
    1.3227758541430708,
    1.984163781214606,
    2.6455517082861415,
    3.306939635357677,
    3.968327562429212,
    4.6297154895007475,
    5.291103416572283,
    5.9524913436438185,
    6.613879270715354,
    7.2752671977868895,
    7.936655124858424,
    8.59804305192996,
    9.259430979001495,
    9.92081890607303,
    10.582206833144566,
    11.2435947602161,
    11.904982687287637,
    12.566370614359172
  ],
  "xc": [
    0.2660256561472374,
    0.26893472173928956,
    0.2594370081820294,
    0.2874207856244057,
    0.2739244768477293,
    0.3800893216678259,
    0.3952315228209348,
    0.36634054132652,
    0.40621362462242133,
    0.35165222769287263,
    0.5217962447167228,
    0.5285156412228055,
    0.5278930470124585,
    0.5688370109061788,
    0.5613159638423106,
    0.6166918832271279,
    0.6044181519221922,
    0.6271400835441548,
    0.5600825499275057,
    0.6284395621161841,
    0.6325959471638385,
    0.5971288785076229,
    0.6277183503570836,
    0.6148291719376616,
    0.6156227376930502,
    0.5307992056898436,
    0.597238431633213,
    0.5763277677393374,
    0.5731200970035458,
    0.4194411432453941,
    0.4024084039781543,
    0.4692822106008443,
    0.46969900210310483,
    0.44025678815577235,
    0.506789182084407,
    0.36331813982058203,
    0.31137361768973987,
    0.3434926613309546,
    0.34614103213461644,
    0.32457217631636237,
    0.2682106273158807,
    0.28730152244858354,
    0.3426367541222988,
    0.25464744939418704,
    0.2548151057740867,
    0.35757274671481104,
    0.2714975073760141,
    0.25356354862269787,
    0.2805755062912755,
    0.25634739034480125,
    0.34062043943198067,
    0.3246021959449055,
    0.3682164182563134,
    0.314051882480638,
    0.3270344216457607,
    0.479540851812454,
    0.46689888080602926,
    0.39582946568792243,
    0.5034847456255792,
    0.48960359127700953,
    0.5740725707286441,
    0.505310784340773,
    0.5627034698040508,
    0.5431475563740092,
    0.5909988465072631,
    0.6274362384342996,
    0.6270584669928851,
    0.588967227025484,
    0.6313515981502218,
    0.6070477272276343,
    0.6217544840201209,
    0.6171080583113724,
    0.6224667447321302,
    0.5130177750849608,
    0.5098661074450259,
    0.5102909640617499,
    0.38995798617609667,
    0.4906957733064066,
    0.4261461406483439,
    0.43107318812557444,
    0.3885486392495932,
    0.44180428015515344,
    0.40587654915758187,
    0.2895079364489639,
    0.4450337837837838,
    0.2793738749654879,
    0.3273088428577376,
    0.2708957430814068,
    0.2702390223160751,
    0.3736803551750715,
    0.26275282964395963,
    0.2546840419950672,
    0.256991161433214,
    0.25620667281357784,
    0.2695447232807765,
    0.3079186408299524,
    0.34842857395518295,
    0.29335631353423447,
    0.3102812237891821,
    0.2543656705317525
  ],
  "xg": [
    0.7339743438527626,
    0.7310652782607104,
    0.7405629918179706,
    0.7125792143755942,
    0.7260755231522708,
    0.6199106783321741,
    0.6047684771790652,
    0.63365945867348,
    0.5937863753775787,
    0.6483477723071274,
    0.47820375528327724,
    0.4714843587771945,
    0.47210695298754146,
    0.43116298909382117,
    0.4386840361576893,
    0.3833081167728722,
    0.3955818480778079,
    0.37285991645584515,
    0.4399174500724943,
    0.3715604378838158,
    0.36740405283616145,
    0.40287112149237714,
    0.37228164964291643,
    0.38517082806233843,
    0.3843772623069498,
    0.4692007943101563,
    0.402761568366787,
    0.4236722322606627,
    0.42687990299645423,
    0.580558856754606,
    0.5975915960218456,
    0.5307177893991557,
    0.5303009978968952,
    0.5597432118442277,
    0.4932108179155929,
    0.636681860179418,
    0.6886263823102601,
    0.6565073386690454,
    0.6538589678653836,
    0.6754278236836376,
    0.7317893726841193,
    0.7126984775514165,
    0.6573632458777012,
    0.745352550605813,
    0.7451848942259133,
    0.6424272532851889,
    0.7285024926239859,
    0.7464364513773022,
    0.7194244937087245,
    0.7436526096551987,
    0.6593795605680193,
    0.6753978040550945,
    0.6317835817436867,
    0.685948117519362,
    0.6729655783542393,
    0.520459148187546,
    0.5331011191939707,
    0.6041705343120776,
    0.49651525437442084,
    0.5103964087229905,
    0.4259274292713559,
    0.49468921565922697,
    0.43729653019594916,
    0.4568524436259907,
    0.4090011534927369,
    0.3725637615657003,
    0.37294153300711486,
    0.411032772974516,
    0.3686484018497782,
    0.3929522727723656,
    0.3782455159798791,
    0.3828919416886276,
    0.37753325526786985,
    0.4869822249150391,
    0.490133892554974,
    0.4897090359382501,
    0.6100420138239033,
    0.5093042266935933,
    0.5738538593516561,
    0.5689268118744256,
    0.6114513607504067,
    0.5581957198448466,
    0.5941234508424181,
    0.7104920635510361,
    0.5549662162162162,
    0.7206261250345121,
    0.6726911571422625,
    0.7291042569185933,
    0.7297609776839249,
    0.6263196448249285,
    0.7372471703560404,
    0.7453159580049328,
    0.743008838566786,
    0.7437933271864221,
    0.7304552767192235,
    0.6920813591700475,
    0.651571426044817,
    0.7066436864657655,
    0.6897187762108179,
    0.7456343294682475
  ],
  "xg_avg": [
    0.7288514702918617,
    0.6200945523738851,
    0.4583284184599047,
    0.39264555385256705,
    0.3824209828681487,
    0.4606146709377333,
    0.5423128826155434,
    0.662220474541549,
    0.7184777081889927,
    0.7160886601300801,
    0.6650949284480803,
    0.5329284929582012,
    0.44475335444905184,
    0.38362774843389497,
    0.42315736608127785,
    0.5503671895363658,
    0.6058457622409847,
    0.6957004323208442,
    0.739964114166681,
    0.6971299154719391
  ],
  "xg_std": [
    0.009389320644505992,
    0.019541206139450134,
    0.019400093308451615,
    0.025165433792534796,
    0.012311873240272931,
    0.06373396119241993,
    0.034783032794353526,
    0.01803597280648647,
    0.032805817663734534,
    0.038136579889203506,
    0.01868295008517822,
    0.03758872591412514,
    0.029421820996233337,
    0.01611812615576017,
    0.05344044511827377,
    0.044323236365256244,
    0.05653129830649241,
    0.04059642058911343,
    0.005484071931777182,
    0.030328794504267877
  ],
  "xc_avg": [
    0.2711485297081383,
    0.3799054476261149,
    0.5416715815400952,
    0.607354446147433,
    0.6175790171318514,
    0.5393853290622668,
    0.4576871173844566,
    0.3377795254584511,
    0.28152229181100735,
    0.2839113398699199,
    0.3349050715519197,
    0.46707150704179884,
    0.5552466455509482,
    0.616372251566105,
    0.576842633918722,
    0.44963281046363424,
    0.3941542377590152,
    0.3042995676791557,
    0.26003588583331905,
    0.30287008452806086
  ],
  "xc_std": [
    0.009389320644505976,
    0.019541206139450165,
    0.019400093308451577,
    0.025165433792534792,
    0.012311873240272915,
    0.06373396119241992,
    0.034783032794353526,
    0.018035972806486486,
    0.03280581766373456,
    0.03813657988920347,
    0.018682950085178226,
    0.03758872591412515,
    0.029421820996233347,
    0.01611812615576017,
    0.0534404451182738,
    0.04432323636525623,
    0.05653129830649242,
    0.04059642058911344,
    0.00548407193177719,
    0.030328794504267863
  ],
  "hist_bins": [
    0.2630393585862264,
    0.2819909785132834,
    0.30094259844034044,
    0.3198942183673975,
    0.33884583829445447,
    0.35779745822151154,
    0.37674907814856856,
    0.3957006980756256,
    0.41465231800268265,
    0.43360393792973967,
    0.4525555578567967,
    0.47150717778385376,
    0.4904587977109107,
    0.5094104176379678,
    0.5283620375650249,
    0.5473136574920818,
    0.5662652774191389,
    0.5852168973461959,
    0.6041685172732529,
    0.62312013720031
  ],