{
  "phases": [
    0.0,
    0.6613879270715354,
    1.3227758541430708,
    1.984163781214606,
    2.6455517082861415,
    3.306939635357677,
    3.968327562429212,
    4.6297154895007475,
    5.291103416572283,
    5.9524913436438185,
    6.613879270715354,
    7.2752671977868895,
    7.936655124858424,
    8.59804305192996,
    9.259430979001495,
    9.92081890607303,
    10.582206833144566,
    11.2435947602161,
    11.904982687287637,
    12.566370614359172
  ],
  "xc": [
    0.6379659510610244,
    0.4477561019913416,
    0.48516292541636497,
    0.4290418578227855,
    0.5182361809286493,
    0.33180672852447307,
    0.3584690983629574,
    0.3285793797718006,
    0.4151658160693509,
    0.34957537301740904,
    0.24656213441208105,
    0.3263716568650548,
    0.28120039621331355,
    0.2620120618787665,
    0.2336113489431991,
    0.22488319483069408,
    0.21786060151774625,
    0.24994337446379972,
    0.21953159057597493,
    0.22415664165376317,
    0.25497078794689704,
    0.29200805333983376,
    0.2734209964574704,
    0.253541860872936,
    0.27333069770657265,
    0.3980239286976909,
    0.33481885289956015,
    0.38482038149766745,
    0.3943662762057477,
    0.44857430298413115,
    0.4456934524698921,
    0.5240330648408704,
    0.596065147664041,
    0.6313747047952464,
    0.6017085610678685,
    0.6642537877642363,
    0.6665856465760671,
    0.6511744189031747,
    0.6693762884006235,
    0.590364475439399,
    0.6608108321472796,
    0.6492778217342065,
    0.6704025693971047,
    0.5682722797968921,
    0.5596455761936997,
    0.47751945988424455,
    0.5806390535707723,
    0.5467282097203676,
    0.5151310697693092,
    0.500163574012093,
    0.48799834693573374,
    0.40635929217009453,
    0.4548735356903582,
    0.46190957781035874,
    0.5211577298378726,
    0.26493957926102907,
    0.2827594540229204,
    0.2615381124197245,
    0.3276722913057179,
    0.256656521723868,
    0.21734246463372625,
    0.2184472178262118,
    0.23484276539338025,
    0.21831649405130166,
    0.23700022578252075,
    0.21646564137379753,
    0.23340313319644573,
    0.22381914470260508,
    0.23052298070197094,
    0.2976675201508433,
    0.2727437214216627,
    0.3266406317287773,
    0.23453358664926657,
    0.394855606908405,
    0.28355572425472275,
    0.36711085716499287,
    0.5524518831990072,
    0.49942376411008826,
    0.5290068191534059,
    0.538116731625257,
    0.5912103845125243,
    0.6534872583128207,
    0.6314929197912141,
    0.6138093128568616,
    0.5538993656823575,
    0.6518870130773071,
    0.6513038581100694,
    0.6441803299460227,
    0.6162797763733593,
    0.6660159248411324,
    0.6037695706043578,
    0.5825886735956874,
    0.5618556574623571,
    0.6095599568156079,
    0.6205742127003654,
    0.38488820246081334,
    0.349142322860602,
    0.4617621752900041,
    0.32543097833681084,
    0.35362275132339477
  ],
  "xg": [
    0.3620340489389756,
    0.5522438980086584,
    0.514837074583635,
    0.5709581421772145,
    0.48176381907135074,
    0.6681932714755269,
    0.6415309016370426,
    0.6714206202281995,
    0.5848341839306491,
    0.650424626982591,
    0.7534378655879189,
    0.6736283431349452,
    0.7187996037866865,
    0.7379879381212334,
    0.7663886510568009,
    0.7751168051693059,
    0.7821393984822538,
    0.7500566255362002,
    0.7804684094240251,
    0.7758433583462369,
    0.745029212053103,
    0.7079919466601662,
    0.7265790035425296,
    0.7464581391270639,
    0.7266693022934273,
    0.6019760713023091,
    0.6651811471004399,
    0.6151796185023326,
    0.6056337237942523,
    0.5514256970158689,
    0.5543065475301079,
    0.4759669351591296,
    0.4039348523359591,
    0.3686252952047537,
    0.3982914389321314,
    0.33574621223576373,
    0.3334143534239329,
    0.3488255810968252,
    0.33062371159937654,
    0.40963552456060104,
    0.33918916785272035,
    0.3507221782657936,
    0.32959743060289526,
    0.4317277202031079,
    0.44035442380630024,
    0.5224805401157555,
    0.4193609464292278,
    0.4532717902796324,
    0.48486893023069083,
    0.49983642598790695,
    0.5120016530642663,
    0.5936407078299054,
    0.5451264643096418,
    0.5380904221896412,
    0.4788422701621275,
    0.7350604207389709,
    0.7172405459770795,
    0.7384618875802755,
    0.6723277086942822,
    0.743343478276132,
    0.7826575353662737,
    0.7815527821737882,
    0.7651572346066198,
    0.7816835059486984,
    0.7629997742174792,
    0.7835343586262025,
    0.7665968668035542,
    0.7761808552973949,
    0.769477019298029,
    0.7023324798491567,
    0.7272562785783373,
    0.6733593682712227,
    0.7654664133507334,
    0.6051443930915951,
    0.7164442757452772,
    0.6328891428350071,
    0.4475481168009929,
    0.5005762358899117,
    0.47099318084659414,
    0.461883268374743,
    0.4087896154874758,
    0.34651274168717927,
    0.36850708020878586,
    0.3861906871431384,
    0.4461006343176425,
    0.3481129869226928,
    0.3486961418899306,
    0.35581967005397735,
    0.38372022362664077,
    0.33398407515886763,
    0.39623042939564224,
    0.41741132640431255,
    0.43814434253764284,
    0.39044004318439207,
    0.3794257872996346,
    0.6151117975391867,
    0.650857677139398,
    0.5382378247099959,
    0.6745690216631891,
    0.6463772486766053
  ],
  "xg_avg": [
    0.49636739655596684,
    0.6432807208508018,
    0.7300484803375171,
    0.7727249193916044,
    0.730545520735258,
    0.6078792515430406,
    0.4402250138324163,
    0.3516490765832999,
    0.37831818414616347,
    0.4759637266086427,
    0.5335403035111165,
    0.721286808253348,
    0.7748101664625718,
    0.7596243159748675,
    0.6975341458074331,
    0.5027779889494498,
    0.3912201517688444,
    0.35406661953042184,
    0.4043303857643249,
    0.625030713945675
  ],
  "xg_std": [
    0.07387259912945887,
    0.031249268969558253,
    0.03237429673617846,
    0.011643808482045442,
    0.014159172079493293,
    0.03623174393481194,
    0.06707309669884,
    0.02965762118460777,
    0.047681033662146634,
    0.03614366075664555,
    0.03800734038745295,
    0.026017525290954233,
    0.008797173630548315,
    0.029236469856722482,
    0.05472856190347213,
    0.06733015825990603,
    0.03423590241390748,
    0.016431711911932392,
    0.020944138156269915,
    0.04734583620319661
  ],
  "xc_avg": [
    0.5036326034440332,
    0.35671927914919827,
    0.269951519662483,
    0.22727508060839563,
    0.269454479264742,
    0.39212074845695943,
    0.5597749861675837,
    0.6483509234167001,
    0.6216818158538365,
    0.5240362733913574,
    0.4664596964888836,
    0.278713191746652,
    0.22518983353742814,
    0.24037568402513249,
    0.30246585419256683,
    0.49722201105055025,
    0.6087798482311556,
    0.6459333804695782,
    0.5956696142356751,
    0.374969286054325
  ],
  "xc_std": [
    0.07387259912945887,
    0.031249268969558253,
    0.032374296736178504,
    0.011643808482045414,
    0.014159172079493274,
    0.03623174393481194,
    0.06707309669884001,
    0.02965762118460777,
    0.047681033662146655,
    0.03614366075664557,
    0.03800734038745298,
    0.02601752529095424,
    0.008797173630548315,
    0.029236469856722493,
    0.05472856190347215,
    0.06733015825990604,
    0.034235902413907456,
    0.016431711911932368,
    0.020944138156269932,
    0.047345836203196615
  ],
  "hist_bins": [
    0.22781406457438022,
    0.25051091097554556,
    0.27320775737671094,
    0.2959046037778763,
    0.3186014501790416,
    0.34129829658020705,
    0.36399514298137237,
    0.38669198938253774,
    0.4093888357837031,
    0.4320856821848685,
    0.45478252858603385,
    0.47747937498719917,
    0.5001762213883645,
    0.5228730677895299,
    0.5455699141906953,
    0.5682667605918605,
    0.590963606993026,
    0.6136604533941914,
    0.6363572997953567,
    0.659054146196522
  ],