{
  "phases": [
    0.0,
    0.6613879270715354,
    1.3227758541430708,
    1.984163781214606,
    2.6455517082861415,
    3.306939635357677,
    3.968327562429212,
    4.6297154895007475,
    5.291103416572283,
    5.9524913436438185,
    6.613879270715354,
    7.2752671977868895,
    7.936655124858424,
    8.59804305192996,
    9.259430979001495,
    9.92081890607303,
    10.582206833144566,
    11.2435947602161,
    11.904982687287637,
    12.566370614359172
  ],
  "xc": [
    0.49065565856332793,
    0.505916993206488,
    0.508631277165223,
    0.5068903816562758,
    0.493650007145328,
    0.4557848642054729,
    0.47688146917638313,
    0.45326055923227093,
    0.4679797469454721,
    0.4410282971230371,
    0.4516480360006702,
    0.39871312803041603,
    0.41241321657108965,
    0.4507195317111164,
    0.46031740129548515,
    0.41962023706567636,
    0.39254644745294676,
    0.42013903780845846,
    0.4185237286174495,
    0.4007214762167575,
    0.3710045185165491,
    0.37202677699378967,
    0.3689842716816451,
    0.3709129633893622,
    0.37304277294386273,
    0.3939961051509627,
    0.38196535157192457,
    0.3931551693351586,
    0.37910051537586503,
    0.38266271780070804,
    0.42653086316056,
    0.4747358125465272,
    0.4790899004499094,
    0.42676427772199477,
    0.38595980230993077,
    0.47561264523075053,
    0.4817041736082094,
    0.4266312445940151,
    0.4474793395326504,
    0.46366108875689255,
    0.49240496956169905,
    0.4989567753976985,
    0.465494607708604,
    0.4962914908358002,
    0.5036025458165552,
    0.5028224849055173,
    0.5072368153677337,
    0.5043501082086944,
    0.5077561559734297,
    0.5037701770526632,
    0.4792556654808396,
    0.4839914251204509,
    0.5062971193897865,
    0.4983702331052122,
    0.4995475966316572,
    0.49038548178367103,
    0.44347621590013475,
    0.4400304091742597,
    0.44744866392700605,
    0.48083652893478,
    0.41366564794418725,
    0.41807403349506966,
    0.4114640178826191,
    0.4211482312859213,
    0.39917396468287747,
    0.3761949086365766,
    0.3870741911141071,
    0.38625640015499035,
    0.39575050994921324,
    0.39587346352365244,
    0.37479881599063203,
    0.37408857314419847,
    0.3737067054324548,
    0.3720681994452551,
    0.3690301135091236,
    0.3821163570117545,
    0.38192892469913237,
    0.3855281815594968,
    0.38623057582758324,
    0.38769917258740927,
    0.4551092177529345,
    0.41672802632871847,
    0.41734447916549156,
    0.4453884541103265,
    0.4201069973827425,
    0.46154270103575734,
    0.4995024420821689,
    0.4696990056436442,
    0.47864282731696506,
    0.46540609303948893,
    0.5046346976978402,
    0.5037945846157299,
    0.49246712894547384,
    0.5060174343790054,
    0.5045886069693052,
    0.5024280866516738,
    0.49779104369799276,
    0.5032744074710988,
    0.5056570405114036,
    0.5041966116197711
  ],
  "xg": [
    0.5093443414366721,
    0.4940830067935121,
    0.49136872283477695,
    0.49310961834372424,
    0.5063499928546721,
    0.5442151357945271,
    0.5231185308236169,
    0.5467394407677291,
    0.5320202530545278,
    0.5589717028769629,
    0.5483519639993297,
    0.601286871969584,
    0.5875867834289104,
    0.5492804682888837,
    0.5396825987045148,
    0.5803797629343237,
    0.6074535525470532,
    0.5798609621915416,
    0.5814762713825505,
    0.5992785237832424,
    0.6289954814834509,
    0.6279732230062104,
    0.6310157283183548,
    0.6290870366106378,
    0.6269572270561372,
    0.6060038948490373,
    0.6180346484280754,
    0.6068448306648414,
    0.620899484624135,
    0.617337282199292,
    0.57346913683944,
    0.5252641874534728,
    0.5209100995500906,
    0.5732357222780052,
    0.6140401976900692,
    0.5243873547692495,
    0.5182958263917906,
    0.573368755405985,
    0.5525206604673496,
    0.5363389112431074,
    0.507595030438301,
    0.5010432246023016,
    0.534505392291396,
    0.5037085091641997,
    0.49639745418344483,
    0.4971775150944827,
    0.49276318463226626,
    0.4956498917913056,
    0.49224384402657023,
    0.49622982294733675,
    0.5207443345191604,
    0.5160085748795491,
    0.49370288061021356,
    0.5016297668947878,
    0.5004524033683427,
    0.509614518216329,
    0.5565237840998652,
    0.5599695908257403,
    0.5525513360729939,
    0.51916347106522,
    0.5863343520558127,
    0.5819259665049303,
    0.5885359821173809,
    0.5788517687140786,
    0.6008260353171225,
    0.6238050913634234,
    0.6129258088858929,
    0.6137435998450097,
    0.6042494900507868,
    0.6041265364763476,
    0.625201184009368,
    0.6259114268558016,
    0.6262932945675452,
    0.627931800554745,
    0.6309698864908764,
    0.6178836429882455,
    0.6180710753008677,
    0.6144718184405032,
    0.6137694241724168,
    0.6123008274125907,
    0.5448907822470656,
    0.5832719736712815,
    0.5826555208345084,
    0.5546115458896734,
    0.5798930026172575,
    0.5384572989642427,
    0.5004975579178311,
    0.5303009943563558,
    0.5213571726830349,
    0.5345939069605111,
    0.49536530230215986,
    0.4962054153842701,
    0.5075328710545262,
    0.49398256562099463,
    0.4954113930306948,
    0.4975719133483261,
    0.5022089563020072,
    0.49672559252890125,
    0.4943429594885964,
    0.4958033883802288
  ],
  "xg_avg": [
    0.49885113645267143,
    0.5410130126634727,
    0.5652377372782446,
    0.5896898145677423,
    0.6288057392949582,
    0.6138240281530762,
    0.5613838687622156,
    0.5409823016554964,
    0.5086499221359286,
    0.4948128516983923,
    0.5065075920544108,
    0.5395645400560297,
    0.5872948209418651,
    0.6117701053242921,
    0.6272615184956672,
    0.6152993576629248,
    0.5690645650519572,
    0.5250413861763952,
    0.49769950947852915,
    0.4973305620096119
  ],
  "xg_std": [
    0.007456900191973314,
    0.012382587219680354,
    0.024461597888066025,
    0.011473791208856015,
    0.0013497601734780576,
    0.006164382269782688,
    0.03464669243808976,
    0.01996820275925484,
    0.013431459443455064,
    0.0019545338121471165,
    0.010172242959466414,
    0.02090859321143057,
    0.0075586569296400815,
    0.0072808655959718735,
    0.0020594394593223702,
    0.0022968522207292437,
    0.016106403303461244,
    0.013526816196868725,
    0.0049684401718833576,
    0.00266386927349024
  ],
  "xc_avg": [
    0.5011488635473286,
    0.45898698733652726,
    0.43476226272175544,
    0.41031018543225767,
    0.37119426070504175,
    0.3861759718469238,
    0.4386161312377844,
    0.4590176983445036,
    0.49135007786407137,
    0.5051871483016077,
    0.4934924079455893,
    0.4604354599439703,
    0.412705179058135,
    0.388229894675708,
    0.37273848150433275,
    0.38470064233707524,
    0.43093543494804276,
    0.4749586138236048,
    0.5023004905214709,
    0.502669437990388
  ],
  "xc_std": [
    0.0074569001919733095,
    0.01238258721968038,
    0.024461597888066025,
    0.01147379120885605,
    0.001349760173478069,
    0.006164382269782675,
    0.03464669243808976,
    0.01996820275925482,
    0.013431459443455045,
    0.0019545338121470905,
    0.010172242959466437,
    0.020908593211430588,
    0.007558656929640069,
    0.007280865595971864,
    0.002059439459322379,
    0.0022968522207292346,
    0.016106403303461265,
    0.013526816196868716,
    0.004968440171883363,
    0.0026638692734902345
  ],
  "hist_bins": [
    0.37247544681873457,
    0.37945779709291344,
    0.3864401473670923,
    0.39342249764127124,
    0.40040484791545017,
    0.40738719818962904,
    0.4143695484638079,
    0.42135189873798684,
    0.42833424901216577,
    0.43531659928634464,
    0.4422989495605235,
    0.44928129983470244,
    0.4562636501088813,
    0.4632460003830602,
    0.4702283506572391,
    0.47721070093141804,
    0.4841930512055969,
    0.4911754014797758,
    0.4981577517539547,
    0.5051401020281336
  ],