{
  "phases": [
    0.0,
    0.6613879270715354,
    1.3227758541430708,
    1.984163781214606,
    2.6455517082861415,
    3.306939635357677,
    3.968327562429212,
    4.6297154895007475,
    5.291103416572283,
    5.9524913436438185,
    6.613879270715354,
    7.2752671977868895,
    7.936655124858424,
    8.59804305192996,
    9.259430979001495,
    9.92081890607303,
    10.582206833144566,
    11.2435947602161,
    11.904982687287637,
    12.566370614359172
  ],
  "xc": [
    0.3672287527157101,
    0.5816329003856839,
    0.5949918818317568,
    0.49217178455191674,
    0.4503552807081363,
    0.5999810577242564,
    0.43048766258490034,
    0.2731930785069115,
    0.431314843231111,
    0.5121816424716688,
    0.255707635009311,
    0.40500347346719257,
    0.2717658986857937,
    0.36043760455574236,
    0.23264936547219492,
    0.40659975636641393,
    0.2714376802438154,
    0.20950055289347586,
    0.21968094387317352,
    0.23643861427595478,
    0.21929755540002732,
    0.21802479165128077,
    0.22725888613790945,
    0.20917810666336864,
    0.21410437930817283,
    0.2094884264632267,
    0.23351363540519646,
    0.17253031692652604,
    0.19492241353606574,
    0.2205945753560804,
    0.2206115469178361,
    0.212835125001173,
    0.20027755338760123,
    0.27525766980408545,
    0.17420766020419423,
    0.29074679421697175,
    0.19821429596587614,
    0.19874301347581394,
    0.20706922219579144,
    0.20059748843357567,
    0.2719399774731805,
    0.3409827668215579,
    0.3100102998281425,
    0.1396628433813625,
    0.36011886868617465,
    0.2846635742214053,
    0.3177865201310714,
    0.41528229342727535,
    0.24895209219981626,
    0.41089445474978536,
    0.37853869729520634,
    0.3139138962192284,
    0.49820399298304235,
    0.44026921406860614,
    0.45530147055586456,
    0.42368988826539994,
    0.4734514419906583,
    0.4902684030994369,
    0.4015202816595871,
    0.513625741159202,
    0.3197198144603852,
    0.4449671389754814,
    0.5238855304334712,
    0.3831884606990945,
    0.5408458955340985,
    0.4935027166197587,
    0.5852770762145297,
    0.4729659862954845,
    0.5528366090292869,
    0.4264654301960993,
    0.517618433709697,
    0.4612507123323432,
    0.4545523116447397,
    0.4305992118096623,
    0.43825692403733424,
    0.5130007389712833,
    0.3774651824743316,
    0.22447753943394488,
    0.3918970211611429,
    0.4962607829565981,
    0.32145097650768495,
    0.28675753083972977,
    0.3316365928163432,
    0.30846229631597594,
    0.35793764625953045,
    0.4612253745689569,
    0.4467542154957502,
    0.36299734547251,
    0.3113983452023217,
    0.22157731972446013,
    0.20906191683146255,
    0.24865000050306077,
    0.18199022917650853,
    0.19735186508807065,
    0.19453006638477405,
    0.21844606745696774,
    0.22636792834994218,
    0.18905488968310308,
    0.22226598748906795,
    0.21766291743970315,
    0.2026507619135826,
    0.20689816840657624,
    0.19238497332768115,
    0.2045409820563738,
    0.20048326462315819,
    0.18064477252184394,
    0.23824932063028323,
    0.19611774873898305,
    0.18936702756539264,
    0.30372610587613946,
    0.20726095485317325,
    0.19581644154317188,
    0.284372258890183,
    0.24442933205957518,
    0.3333483243340482,
    0.22764338324160177,
    0.28372585119835714,
    0.30592272321734953,
    0.4795462443528769,
    0.5339982816448271,
    0.4091090848505044,
    0.42826480399622213,
    0.45254339873938665,
    0.25873584673479705,
    0.43589844985764,
    0.35561898540640074,
    0.3469547708999587,
    0.3684632077101716,
    0.43940270467727266,
    0.5105138576779026,
    0.47951046753137344,
    0.4368912828072889,
    0.38316652706176296,
    0.43348650659490706,
    0.47064259952588666,
    0.48046818047223877,
    0.33819545769190806,
    0.5699783696831978,
    0.49079139009858436,
    0.4879215731360575,
    0.4688947680674441,
    0.3207228186944873,
    0.476269825917289,
    0.4465589896671806,
    0.24906684622543993,
    0.24381770262839708,
    0.4372312145557656,
    0.5567488287068588,
    0.4532849577491068,
    0.4392405701529891,
    0.2640420266868896,
    0.5247823361112323,
    0.2723685405922109,
    0.17679771820348697,
    0.3522590469623181,
    0.20678109325559496,
    0.4072184252410823,
    0.2931656567373353,
    0.2747557776745402,
    0.2504879472151407
  ],