{
  "phases": [
    0.0,
    0.6613879270715354,
    1.3227758541430708,
    1.984163781214606,
    2.6455517082861415,
    3.306939635357677,
    3.968327562429212,
    4.6297154895007475,
    5.291103416572283,
    5.9524913436438185,
    6.613879270715354,
    7.2752671977868895,
    7.936655124858424,
    8.59804305192996,
    9.259430979001495,
    9.92081890607303,
    10.582206833144566,
    11.2435947602161,
    11.904982687287637,
    12.566370614359172
  ],
  "xc": [
    0.7491362892381457,
    0.5613289053250381,
    0.570275907536174,
    0.5774416086976552,
    0.668680924958879,
    0.7673080230652943,
    0.5242035397292999,
    0.7555175057676373,
    0.48005541907871396,
    0.48382592805875746,
    0.37217698044968234,
    0.3294231873216895,
    0.5255953257720823,
    0.5240569830526446,
    0.7620294946303741,
    0.7612835477049742,
    0.2664628468815989,
    0.24604494680363054,
    0.12227653623269913,
    0.3311101269364921,
    0.25766920513543723,
    0.25868606860728444,
    0.11036318010396046,
    0.17578874278522763,
    0.11528901065739437,
    0.0885246519506174,
    0.12462722674290741,
    0.12746933991605716,
    0.14504952129979604,
    0.2900897982688189,
    0.10173660751829114,
    0.09030858610403913,
    0.1100277738121504,
    0.09608029931292145,
    0.09871235782578346,
    0.1215332301288871,
    0.1559767182725801,
    0.18288050990230698,
    0.11914592700483398,
    0.08691488923202775,
    0.12776566757493188,
    0.36307526083685115,
    0.20733279851419495,
    0.24409055254187476,
    0.5403282372384002,
    0.1383293032531472,
    0.25749365460902307,
    0.0993717666142757,
    0.48238769023038625,
    0.3232291076404585,
    0.19869893246819917,
    0.3427030247013033,
    0.8187605132095386,
    0.43562218727291385,
    0.3649722424413615,
    0.5499936716871282,
    0.8138372595042264,
    0.6597966374577703,
    0.5546228697025591,
    0.8363385524717798,
    0.7123277809274408,
    0.8193776852619055,
    0.5670407865110603,
    0.45443926406651114,
    0.8241573227978871,
    0.816408787058224,
    0.8363570759822938,
    0.8384810095398809,
    0.7983896361480116,
    0.6625136541939934,
    0.8295438315861635,
    0.792125330602453,
    0.6846501918354468,
    0.6857648647273424,
    0.6972102909679051,
    0.7438388172022932,
    0.6535664266530458,
    0.8237676149531764,
    0.6874861715465742,
    0.6873701029295685,
    0.4158060392013616,
    0.6104203697521452,
    0.5037456152519868,
    0.6315071862965614,
    0.6558326437602506,
    0.6888223248564779,
    0.6918074399738083,
    0.621241421150419,
    0.28053048463185554,
    0.2999326431062392,
    0.4321539310219259,
    0.18750571609800712,
    0.2749261513868354,
    0.3849047743675409,
    0.29669996107895896,
    0.5039746575029173,
    0.08873112496675631,
    0.29815348145792425,
    0.12832836770822928,
    0.1539653236548545,
    0.1915878463754906,
    0.1592604707924965,
    0.10098983329454513,
    0.17946925069716022,
    0.10963780421018623,
    0.09675894576697475,
    0.1405746969354127,
    0.10526698200260116,
    0.09018090005248988,
    0.08858383361921097,
    0.11287030973687566,
    0.25400438476960097,
    0.15985710616337143,
    0.09477832923218084,
    0.34998399449547346,
    0.16197157481747085,
    0.282791658288089,
    0.24174894869499436,
    0.27756986151784385,
    0.1288284177937103,
    0.3789440624662935,
    0.174086035258255,
    0.18813485818519976,
    0.285236711117028,
    0.34889204491817516,
    0.18858874795702835,
    0.37991797377080655,
    0.2733123282161293,
    0.8275538894095595,
    0.7700498508061399,
    0.7462732017368015,
    0.5253842655136726,
    0.8110996380174494,
    0.8207307532800483,
    0.5530193688432617,
    0.7236117358981012,
    0.7927288281586929,
    0.830632729111227,
    0.8258401182648666,
    0.5990733468564422,
    0.7175816733471789,
    0.8160577763922168,
    0.7979679694205496,
    0.8165760186943187,
    0.7097845650770097,
    0.8283789688582232,
    0.8220777530709125,
    0.833537725745051,
    0.7969071615208233,
    0.8341110813414585,
    0.8237382281162857,
    0.7725628667405517,
    0.7989182449900075,
    0.7667890924026597,
    0.8383591606347904,
    0.7407716556309246,
    0.6322258504933354,
    0.5274060170346891,
    0.5146417345380139,
    0.8355625605332339
  ],