{
  "phases": [
    0.0,
    0.6613879270715354,
    1.3227758541430708,
    1.984163781214606,
    2.6455517082861415,
    3.306939635357677,
    3.968327562429212,
    4.6297154895007475,
    5.291103416572283,
    5.9524913436438185,
    6.613879270715354,
    7.2752671977868895,
    7.936655124858424,
    8.59804305192996,
    9.259430979001495,
    9.92081890607303,
    10.582206833144566,
    11.2435947602161,
    11.904982687287637,
    12.566370614359172
  ],
  "xc": [
    0.49522952767307216,
    0.5694346885267836,
    0.6369632588124161,
    0.636640016301732,
    0.6486671708100955,
    0.6516089250785246,
    0.6093532471973231,
    0.6454494058511105,
    0.40527883246767393,
    0.4928420363911146,
    0.3549778817074125,
    0.5463271162477392,
    0.3890710314856315,
    0.5255758607082963,
    0.5232927389568777,
    0.5022867419122178,
    0.570734138166286,
    0.4245697764099846,
    0.34093378088227944,
    0.4138091786869085,
    0.2144100179436503,
    0.31546747326030966,
    0.31064568808057913,
    0.3353712071045169,
    0.30536974737527506,
    0.39703368582106213,
    0.2593425605536332,
    0.3415866043155312,
    0.44071405256850127,
    0.393380687164974,
    0.29574312291100263,
    0.35734892806246854,
    0.2718626181248147,
    0.22321026714820713,
    0.3004068067161823,
    0.2864201879656946,
    0.21724387444483256,
    0.22122424477749178,
    0.22690340681920113,
    0.2270323107304979,
    0.2159876872107088,
    0.21898549006683765,
    0.21859193470726487,
    0.23952862434051472,
    0.22632714248249888,
    0.23575474596055784,
    0.2659360495100567,
    0.3455457395006676,
    0.3221948511718992,
    0.4957083050728536,
    0.3050589702494367,
    0.49307954885473343,
    0.48297366997168134,
    0.3973882988600763,
    0.23957823656133403,
    0.5130052660881037,
    0.5327857138340321,
    0.5324585078331007,
    0.6102167461102617,
    0.603716658309587,
    0.6578844524678783,
    0.34797295316064486,
    0.5676157988283166,
    0.660954837860349,
    0.661598600256159,
    0.4282680176515072,
    0.5185037318499554,
    0.6225717606042999,
    0.5632752013949764,
    0.642681275887297,
    0.6651900519690657,
    0.6079502383688983,
    0.6392619878131739,
    0.6249084148669461,
    0.6466923952929268,
    0.5779948764708437,
    0.6361488670360417,
    0.6483019887096657,
    0.6610980062293903,
    0.5991193267982765,
    0.6160550367672598,
    0.6571913596079446,
    0.6388484183964673,
    0.27371211535832524,
    0.6377466265397371,
    0.5513663826318081,
    0.41250129258693785,
    0.6500465788509895,
    0.3928315288728037,
    0.2565178922532442,
    0.45069958597483417,
    0.3485458889948125,
    0.43770687600327685,
    0.42386056888864665,
    0.40911634746649744,
    0.33986839960456555,
    0.29632270441773867,
    0.23156277277134477,
    0.4227288509984412,
    0.25886726389463516,
    0.30621460619857765,
    0.24966428950072236,
    0.47603730431422514,
    0.3089108886000659,
    0.2841866011759983,
    0.25060807439038435,
    0.23746462835955198,
    0.22672184596869763,
    0.23326114408619172,
    0.27149115448868055,
    0.23542809163309242,
    0.23464225460034205,
    0.2432862815556713,
    0.22538455014471773,
    0.30881579636277545,
    0.374044564253054,
    0.2995440777937191,
    0.3950665087187951,
    0.3151264055736277,
    0.41361482900561786,
    0.38260129491494427,
    0.33803105633968755,
    0.30366983923707647,
    0.45711390212435027,
    0.6313343198051516,
    0.306130741021014,
    0.3208994734005843,
    0.3310649635457746,
    0.5665304520991109,
    0.5234163540813345,
    0.49469388976969053,
    0.3832323096401681,
    0.36787621486297395,
    0.6188951744739906,
    0.4748635681317602,
    0.6531624858287168,
    0.5846559912968031,
    0.6490031958967202,
    0.65845146375432,
    0.6393395039829716,
    0.6164545906576632,
    0.6255723251113922,
    0.546952590085503,
    0.661215350925299,
    0.5750913320329422,
    0.6470725415895722,
    0.6514088306984303,
    0.6170390069817702,
    0.615613639051581,
    0.6521831294653826,
    0.6645476325602477,
    0.6610592247864338,
    0.4194412724097848,
    0.6595274650700524,
    0.6439787128030089,
    0.5701643725412301,
    0.5837928304059891,
    0.547391661205454,
    0.6467445247235524,
    0.554109822064327
  ],