{
  "phases": [
    0.0,
    0.6613879270715354,
    1.3227758541430708,
    1.984163781214606,
    2.6455517082861415,
    3.306939635357677,
    3.968327562429212,
    4.6297154895007475,
    5.291103416572283,
    5.9524913436438185,
    6.613879270715354,
    7.2752671977868895,
    7.936655124858424,
    8.59804305192996,
    9.259430979001495,
    9.92081890607303,
    10.582206833144566,
    11.2435947602161,
    11.904982687287637,
    12.566370614359172
  ],
  "xc": [
    0.3488965602435889,
    0.21768919993804683,
    0.2628153394604448,
    0.22708022370043784,
    0.16832631026545639,
    0.2959942308915194,
    0.18616033197720072,
    0.1258580484119946,
    0.28701868092701827,
    0.19886898615532098,
    0.3633222803628845,
    0.2760822792616245,
    0.27178461870179255,
    0.2685648803892771,
    0.5040608934535548,
    0.29518580485341295,
    0.3952712246129718,
    0.4779399711608187,
    0.5184020377015924,
    0.2710867182293872,
    0.35117568393959964,
    0.46183197236223844,
    0.4798251978240065,
    0.37318040877977693,
    0.6188992090674206,
    0.4410223289479674,
    0.6022612704530854,
    0.5403370864187778,
    0.5518764862809479,
    0.5717738600516845,
    0.49978669679814597,
    0.5629157777711006,
    0.5271101062682513,
    0.36742528918467515,
    0.44604700525091473,
    0.5086723904149276,
    0.5208527723154449,
    0.508595967704407,
    0.600566172352684,
    0.48780315068675056,
    0.26377432376105125,
    0.41732110699426633,
    0.3596016909081927,
    0.4680235445519755,
    0.2796599209406155,
    0.6045724623642276,
    0.4177007816039873,
    0.3622051793875085,
    0.24472825272093282,
    0.30267257329595854,
    0.2395880595823382,
    0.27347882529114553,
    0.27406732174555093,
    0.2874186398743408,
    0.15566824222153236,
    0.43156690053241775,
    0.2024454198972255,
    0.12973149873331238,
    0.15450937386439612,
    0.2214516270291059,
    0.15131914388278409,
    0.19498398811143436,
    0.17788298079956205,
    0.1158084585558432,
    0.14656027511924993,
    0.19756105048067618,
    0.17102915381358494,
    0.13283867122096665,
    0.1640661799340556,
    0.14329785107143506,
    0.1406581294655043,
    0.11315302971270484,
    0.18967848382398764,
    0.28038236135409667,
    0.21405361601587064,
    0.17396239734947042,
    0.3144936208096731,
    0.17041165912992887,
    0.2743569207255302,
    0.17652675036431487,
    0.43472871924687656,
    0.33444570878375424,
    0.2373335148503619,
    0.42300382187663627,
    0.2463458180462634,
    0.23038766612521203,
    0.3565536632254677,
    0.32302564472569184,
    0.3042132849366869,
    0.3305144572572448,
    0.48457514586546846,
    0.5397507651501176,
    0.40690489124757107,
    0.5032427474992975,
    0.4923644410591976,
    0.49067312668803575,
    0.4665292712329409,
    0.5823899822672894,
    0.5666637501621677,
    0.47846365282393233,
    0.529250715553838,
    0.4949955966842333,
    0.4968974609759333,
    0.6312992538878734,
    0.6309418874620485,
    0.40381024815506333,
    0.5309575027212389,
    0.35878326224682716,
    0.6181807232822394,
    0.48103765255149555,
    0.5534660704744228,
    0.5941433603810138,
    0.26943048358115673,
    0.36607276499429264,
    0.47508376472106245,
    0.34465245632623354,
    0.3414226883552353,
    0.5445945349958102,
    0.571294738014553,
    0.4725847355925636,
    0.37064911590210053,
    0.23188750466656527,
    0.16067967245758827,
    0.2717440864465968,
    0.33337962371474755,
    0.21165557334005955,
    0.3941556101269295,
    0.20176705248488605,
    0.1616070429753657,
    0.21686524116836323,
    0.14412387312513444,
    0.17755657046381082,
    0.1857320027571788,
    0.14034759695988866,
    0.20011539166938377,
    0.16337057288445994,
    0.13127843975246908,
    0.17026130736111902,
    0.18139307044482544,
    0.15989506113769933,
    0.15173655631288147,
    0.16563280950950965,
    0.15181710677745985,
    0.120727280894278,
    0.3113929476612553,
    0.16205035948690902,
    0.24271780868001988,
    0.22895603240946133,
    0.16013795304012704,
    0.15692023490791535,
    0.28518890269678915,
    0.29144926581945085,
    0.4618425015912303,
    0.26553114575372905,
    0.26168527924395796,
    0.3633234400034283,
    0.30453099858532845,
    0.30304354885039525,
    0.193653532612286,
    0.1622096218376016
  ],