{
  "phases": [
    0.0,
    0.43332312463307493,
    0.8666462492661499,
    1.2999693738992246,
    1.7332924985322997,
    2.1666156231653746,
    2.5999387477984492,
    3.0332618724315243,
    3.4665849970645994,
    3.8999081216976745,
    4.333231246330749,
    4.766554370963823,
    5.1998774955968985,
    5.633200620229974,
    6.066523744863049,
    6.499846869496124,
    6.933169994129199,
    7.366493118762273,
    7.799816243395349,
    8.233139368028423,
    8.666462492661498,
    9.099785617294573,
    9.533108741927647,
    9.966431866560724,
    10.399754991193797,
    10.833078115826872,
    11.266401240459947,
    11.699724365093022,
    12.133047489726097,
    12.566370614359172
  ],
  "xc": [
    0.4811953113951134,
    0.48837716302202483,
    0.5488255250668186,
    0.2858807452015368,
    0.3538279574734673,
    0.4115189773059689,
    0.4307682505521889,
    0.386239399475394,
    0.5009463107604935,
    0.48826832337443365,
    0.5554914716335935,
    0.43812885254930206,
    0.45980376322377453,
    0.45069646393049206,
    0.40607449009754654,
    0.32700535454890217,
    0.4336457698980823,
    0.48305826965939047,
    0.44787056923912116,
    0.44208889229450643,
    0.4138252300906225,
    0.3471355445410198,
    0.4607144463744393,
    0.506327900687172,
    0.3972957517238346,
    0.49268016765987727,
    0.4988971106311633,
    0.44292629338459955,
    0.3762525090595573,
    0.42431963420008817,
    0.5412997163713467,
    0.3597646457888586,
    0.396939482669673,
    0.48350124794317706,
    0.4480162522124617,
    0.4631334967555039,
    0.4381273713875947,
    0.48489784183104506,
    0.4407370840235578,
    0.47574203649822033,
    0.4002474190201985,
    0.33261439544658034,
    0.4064762203396245,
    0.5070459991569132,
    0.4100702870348019,
    0.5207071769700569,
    0.36715495481479293,
    0.5001076625379167,
    0.4824168258241815,
    0.394761582943193,
    0.28555258186185084,
    0.3625986327343381,
    0.42175249763168143,
    0.48400354353765157,
    0.3903058432336947,
    0.4905088591819219,
    0.48973112115318784,
    0.3782007520807377,
    0.48566308783901907,
    0.45747839232211723,
    0.3221365232635323,
    0.2409926193599759,
    0.21827583272615103,
    0.30189088410237924,
    0.29962944506377104,
    0.35873972242320595,
    0.25276630883567297,
    0.2219334894128908,
    0.22118416634132623,
    0.30639015842033035,
    0.24722065370119894,
    0.19748292230811837,
    0.498714023815033,
    0.4506474733826021,
    0.2666791494696137,
    0.2715391564015372,
    0.3012321738779138,
    0.18625004168130857,
    0.227932230617492,
    0.2089067366257038,
    0.19371891225620663,
    0.19046007026320924,
    0.20169376219934768,
    0.24502091840569182,
    0.2364335408758479,
    0.2254057508318524,
    0.19691560281495676,
    0.23597020811442457,
    0.2519892930854871,
    0.21598029400773072,
    0.21840758078406514,
    0.23473059571066643,
    0.2822914661312945,
    0.4105146606640208,
    0.20481511065424263,
    0.24459972170747285,
    0.21340292667351024,
    0.2984034809438964,
    0.23124168247215265,
    0.21316588744263237,
    0.24118570123404132,
    0.2555454260760639,
    0.27787909784431153,
    0.21555429612986862,
    0.24407266040732176,
    0.2226084051580143,
    0.2494553652852366,
    0.21973934981902019,
    0.17858624249435792,
    0.24711714090799058,
    0.2983162331156942,
    0.25782651002608414,
    0.3886600083532098,
    0.4123331311092309,
    0.36801764847816343,
    0.2358601154487599,
    0.3355292140792781,
    0.30539008320450683,
    0.3419545315366183,
    0.34332297311656573,
    0.3251554320979566,
    0.32789525345994175,
    0.2847165509731863,
    0.39638984631778323,
    0.303604450440645,
    0.470792102452137,
    0.39629214499835086,
    0.4184256601224704,
    0.27750849746853107,
    0.3617848728548753,
    0.44277932795060554,
    0.4609747495012873,
    0.433877139924129,
    0.5248260072867705,
    0.43927455029679285,
    0.5454032973132736,
    0.26933084099722426,
    0.3376334058646772,
    0.42345498637683804,
    0.3044672603029044,
    0.45124919043039663,
    0.5543882316967149,
    0.3557669709291031,
    0.27742413288427287,
    0.3462678607394211,
    0.49493705958131123,
    0.482947528780797,
    0.37558568702450035,
    0.3104495938542913,
    0.4712655648829544,
    0.37242085231532207,
    0.5044242922330658,
    0.393440965169142,
    0.4943003306051565,
    0.45604201051140686,
    0.5463197454439529,
    0.5036097159468005,
    0.56605548721821,
    0.39614400881102313,
    0.5459383496409221,
    0.39262645141921926,
    0.5121021097765284,
    0.5258052561858222,
    0.4536165436621806,
    0.4980601072819458,
    0.3751717401646741,
    0.3632873787635107,
    0.4915067613290972,
    0.5210361000782847,
    0.4830627427780506,
    0.35242992967409026,
    0.44213643345844006,
    0.44592534178281634,
    0.24391161101663048,
    0.4256210875239657,
    0.42132823947496956,
    0.23742446929871594,
    0.31285650926635683,
    0.3654881865256395,
    0.4912101140388116,
    0.3116958515940238,
    0.23508612730228776,
    0.3756336178878779,
    0.3904494120247039,
    0.3965234727975527,
    0.31692539942805736,
    0.4189771430547391,
    0.38222655731428007,
    0.47161337259857855,
    0.2551508814883506,
    0.22932245548750346,
    0.37436866586370504,
    0.3772511806904471,
    0.2275756340843376,
    0.35730883707885047,
    0.44195600262629275,
    0.3040715569849802,
    0.2990539434185391,
    0.33838071522062246,
    0.21194761335501955,
    0.18482338793151956,
    0.35306402733164594,
    0.17097922618578118,
    0.21379046242384853,
    0.2841218074656189,
    0.34064966841954775,
    0.21943427071380292,
    0.2721984106246092,
    0.24561931302383516,
    0.2104872786118853,
    0.19149766480034733,
    0.17533886345467212,
    0.20633918961819295,
    0.19571210123634677,
    0.15514551363359322,
    0.21623088074818966,
    0.1678308171872135,
    0.19959621206086195,
    0.20810962127408156,
    0.21753144859690876,
    0.26061466704859293,
    0.18658310333750713,
    0.19390029220463537,
    0.23845195778066675,
    0.24056795659096078,
    0.2363018603363309,
    0.3038608402858733,
    0.2022435440013236,
    0.21776667690172027,
    0.20297650082782215,
    0.2664867246302961,
    0.26707981394740143,
    0.19817453825289533,
    0.22931464678057592,
    0.23711576242906832,
    0.18964392525240362,
    0.1756820362660481,
    0.2720234470667746,
    0.233188453233668,
    0.20634275043031547,
    0.3434308143009058,
    0.2951972354655382,
    0.22285354641423283,
    0.22652928009471535,
    0.2460848313568871,
    0.2376476650563607,
    0.20640496690059565,
    0.2217322132458089,
    0.27588948465245516,
    0.2429973192411785,
    0.43467463791204797,
    0.5218200634841255,
    0.25182114141626966,
    0.4208021281065643,
    0.42904868232048127,
    0.3724902004644128,
    0.43193846930748836,
    0.19216788792086062,
    0.4581323628284954,
    0.28303204410206134,
    0.4573323146987487,
    0.49849445579692986,
    0.4467691450225312,
    0.43547327515577905,
    0.44119342673132816,
    0.41501228443543386,
    0.33875897624746826,
    0.29178946029780106,
    0.3683982987474294,
    0.4862383346225103,
    0.4901058697225887,
    0.413008561572089,
    0.39829549492420474,
    0.501460580912863,
    0.43013179971741433,
    0.4911147848912828,
    0.385854967508325,
    0.4576607732099886,
    0.4166306817824163,
    0.4917701021689451,
    0.46030347351066964,
    0.48757664138016305,
    0.5432792885146721,
    0.44828924493049493,
    0.5608586964155237,
    0.4836187487207478,
    0.4401904310714281,
    0.41301418158605124,
    0.43932311042058736,
    0.4564268250087321,
    0.4909150011933716,
    0.40092554733135777,
    0.5388655217131761,
    0.4765686366058236,
    0.4088873336062762,
    0.4920498967194545,
    0.5076943724312781,
