{
  "phases": [
    0.0,
    0.6613879270715354,
    1.3227758541430708,
    1.984163781214606,
    2.6455517082861415,
    3.306939635357677,
    3.968327562429212,
    4.6297154895007475,
    5.291103416572283,
    5.9524913436438185,
    6.613879270715354,
    7.2752671977868895,
    7.936655124858424,
    8.59804305192996,
    9.259430979001495,
    9.92081890607303,
    10.582206833144566,
    11.2435947602161,
    11.904982687287637,
    12.566370614359172
  ],
  "xc": [
    0.5592141954307118,
    0.47834327352145767,
    0.5296478927318973,
    0.4737983719650692,
    0.5732490287597861,
    0.5160297966482386,
    0.6811333722848582,
    0.41568182324007924,
    0.6647656910508087,
    0.6949289510607475,
    0.6371876166054506,
    0.451432573538775,
    0.6572325063140693,
    0.644841602534822,
    0.6146060849850913,
    0.5996069848442059,
    0.6193404013438327,
    0.6222160812006462,
    0.7030937891071503,
    0.6779750206203482,
    0.7005439159743598,
    0.6963086755307427,
    0.6876823557045262,
    0.6970511312915797,
    0.4989825354831408,
    0.428478481076979,
    0.6639961410452673,
    0.5852224422818442,
    0.6995751312640309,
    0.6254522759384428,
    0.5267196727562976,
    0.3642946416637551,
    0.3114961990009844,
    0.4460599568902818,
    0.4515057085619026,
    0.3594416071485217,
    0.22302825069953328,
    0.5084603936568317,
    0.49708359896683196,
    0.574829651640668,
    0.27388240086181487,
    0.3479082576238239,
    0.42166207740126566,
    0.26148266948848947,
    0.35701165690264713,
    0.24058295912199482,
    0.19056230027538704,
    0.2918654346928704,
    0.22420947517805456,
    0.22578071230730493,
    0.24916095418804424,
    0.22108006160301766,
    0.19854223122920475,
    0.22774580507749778,
    0.23838730535425004,
    0.1956282027081156,
    0.20997593831778985,
    0.33082891348904125,
    0.26423731269546247,
    0.5089531886837689,
    0.20879059149744827,
    0.22374604357631664,
    0.20067033354409486,
    0.29442967076930315,
    0.2518196233756887,
    0.33286523444045985,
    0.47716599346771543,
    0.5049077529627853,
    0.4818317893312736,
    0.29680502795898817,
    0.3645715424328376,
    0.5679966495749714,
    0.4544385160038222,
    0.36800267116756874,
    0.5610576607361136,
    0.5392535943147734,
    0.5752288075869375,
    0.6456491811061001,
    0.42791264317085403,
    0.2768887018509778,
    0.6167441902875308,
    0.6073419784001499,
    0.5570495916253511,
    0.6157069054216063,
    0.6605271338232859,
    0.680274016737226,
    0.6788503684011612,
    0.7005301039267219,
    0.6586581635815033,
    0.6680930768676608,
    0.6998877647136008,
    0.703185789167152,
    0.694276506570635,
    0.6524084282508151,
    0.6894882806557684,
    0.6945419475715775,
    0.5847353906280497,
    0.6091539343398599,
    0.6371103508363892,
    0.45052817084155566,
    0.5568251030458123,
    0.5817846817041444,
    0.6909752205744322,
    0.552630974291104,
    0.46375837210775417,
    0.4965362785635601,
    0.6211979559353271,
    0.5233913060434763,
    0.40747834776815456,
    0.32829388733447773,
    0.6076110848039805,
    0.29431458336964794,
    0.21295380743489287,
    0.2684220916459577,
    0.2934632636854692,
    0.2339314085977575,
    0.28443699132559647,
    0.21678540975173183,
    0.1966582839606155,
    0.20002388786004177,
    0.23453022820656264,
    0.19355029045624675,
    0.19575934617028806,
    0.305421778913452,
    0.21801679525942474,
    0.20816875574653332,
    0.27166828472863686,
    0.288536868990279,
    0.24070187149115727,
    0.19414637209740462,
    0.23025060244640652,
    0.27314821158598135,
    0.19350557183157802,
    0.21067782963428391,
    0.19591665450299225,
    0.24379316242198545,
    0.23087656137105536,
    0.3823097691494487,
    0.3036572388024405,
    0.19898140326391694,
    0.41282251852845664,
    0.3510145676647161,
    0.3602691716169164,
    0.4103895041824384,
    0.40501257610951524,
    0.42021486843617145,
    0.5454462664910055,
    0.5943951645475075,
    0.47587441091473665,
    0.3818100472532166,
    0.6782424964784917,
    0.6797560879695627,
    0.6046861156613912,
    0.687840151913328,
    0.6896237577043065,
    0.6389360593780102,
    0.6595427549636506,
    0.6338551343131664,
    0.6557967827770566,
    0.4686341962773566
  ],