{
  "phases": [
    0.0,
    0.6613879270715354,
    1.3227758541430708,
    1.984163781214606,
    2.6455517082861415,
    3.306939635357677,
    3.968327562429212,
    4.6297154895007475,
    5.291103416572283,
    5.9524913436438185,
    6.613879270715354,
    7.2752671977868895,
    7.936655124858424,
    8.59804305192996,
    9.259430979001495,
    9.92081890607303,
    10.582206833144566,
    11.2435947602161,
    11.904982687287637,
    12.566370614359172
  ],
  "xc": [
    0.1829570879794394,
    0.14241577485827683,
    0.11643764742403326,
    0.1204760458497846,
    0.20773364278239698,
    0.12585305565968738,
    0.1125399258227937,
    0.10861176400105699,
    0.17641708240151385,
    0.1960882827165918,
    0.12192285071862669,
    0.15488343653572487,
    0.3291154228782085,
    0.2848861940822218,
    0.26804636882858884,
    0.3473153637956463,
    0.4433403793253221,
    0.1985148572217148,
    0.3219224045066841,
    0.46042221224289676,
    0.4336798124176371,
    0.5586809271964985,
    0.4690922895206458,
    0.2869169856812587,
    0.6632895647786343,
    0.7749076864515472,
    0.48017267975651884,
    0.3783522541680277,
    0.6563996054914439,
    0.7270975391162624,
    0.3750956621169014,
    0.6776021937869269,
    0.7628086023831082,
    0.6119036564640749,
    0.8077574722136115,
    0.7212177738983253,
    0.8147427384402789,
    0.7958844744838554,
    0.738471379833207,
    0.5849823925762295,
    0.695874297673959,
    0.8082247653076703,
    0.8147026480499585,
    0.6984545232397841,
    0.8157089256335294,
    0.7911001975025924,
    0.8165994618719902,
    0.7303283708659192,
    0.7479260820593829,
    0.4205125578749737,
    0.8036529837994207,
    0.5830560210808295,
    0.7161591120701805,
    0.8094892867731168,
    0.574367519351004,
    0.6347930289074772,
    0.5864364739308783,
    0.36874645076045093,
    0.1949492223048454,
    0.58652423311266,
    0.43189949501062647,
    0.3153038828534142,
    0.35346273823986185,
    0.21010092335020278,
    0.199567454527987,
    0.14494263592263976,
    0.13972954204502686,
    0.2831296694582564,
    0.1753256134245511,
    0.1472203066290822,
    0.14951775686588864,
    0.13751227863972826,
    0.1339805371210414,
    0.1629037513259293,
    0.19210952958848007,
    0.11967558627755567,
    0.11411347679823602,
    0.4140295735409672,
    0.11512037496810505,
    0.12070633266632902,
    0.3675205238502422,
    0.14143842997384135,
    0.3225835634543864,
    0.24344321148141868,
    0.23367971908496188,
    0.13981820757032373,
    0.20918541913409658,
    0.19449231089884955,
    0.44158403164851573,
    0.15446624001544015,
    0.4044575428255664,
    0.28811440432640145,
    0.17901305083251165,
    0.5443209673200081,
    0.3387836696564791,
    0.4532159374385354,
    0.7754803909308124,
    0.4722905320868304,
    0.5665662849758062,
    0.6083038946791004,
    0.5728762599036484,
    0.6820961930528664,
    0.518923860965422,
    0.36033902570439463,
    0.6061496231197494,
    0.7572079580313673,
    0.7125948775217447,
    0.6983624497680581,
    0.7942346706625749,
    0.7814462071309348,
    0.7805719215793119,
    0.7586701079866361,
    0.76884694245952,
    0.7952045197419184,
    0.8106967131897064,
    0.785343265914423,
    0.7605805095387362,
    0.8156244348639543,
    0.8034521573514956,
    0.8117703023522198,
    0.6444975644859549,
    0.7679697593186277,
    0.6548536246380501,
    0.62502858841826,
    0.815574263947287,
    0.7275819451216446,
    0.619908490359285,
    0.8080636148923083,
    0.7158976069261821,
    0.31536409185846653,
    0.41885875434381503,
    0.30333843586060355,
    0.47665677108718446,
    0.6255704442138061,
    0.4126090703436389,
    0.2844152575132375,
    0.14464208690938074,
    0.3304709879202665,
    0.15659819421140714,
    0.11441675774579663,
    0.17097375148814872,
    0.3694770640818849,
    0.1895106543415682,
    0.2703655162666889,
    0.1198358891331745,
    0.21905393502713563,
    0.12159286091664154,
    0.17313940960999785,
    0.188386537690317,
    0.12188694332549471,
    0.19407546224974115,
    0.251308395666903,
    0.13103508411872858,
    0.33074263728303327,
    0.14625582090001268,
    0.11114373677418785,
    0.11373066527934626,
    0.150003951632024,
    0.13907527672897954,
    0.16019473304922455
  ],