{
  "phases": [
    0.0,
    0.6613879270715354,
    1.3227758541430708,
    1.984163781214606,
    2.6455517082861415,
    3.306939635357677,
    3.968327562429212,
    4.6297154895007475,
    5.291103416572283,
    5.9524913436438185,
    6.613879270715354,
    7.2752671977868895,
    7.936655124858424,
    8.59804305192996,
    9.259430979001495,
    9.92081890607303,
    10.582206833144566,
    11.2435947602161,
    11.904982687287637,
    12.566370614359172
  ],
  "xc": [
    0.22409697671200132,
    0.20782028532727695,
    0.2052039159619066,
    0.3016484504513255,
    0.26367555215082383,
    0.29373584710342776,
    0.22560146128641367,
    0.12725014758077752,
    0.5188922271814198,
    0.5457936156661233,
    0.547568489195927,
    0.4187686124359061,
    0.46744619497806583,
    0.5844341306676187,
    0.5678708990913793,
    0.5374274608844364,
    0.680549458330383,
    0.5004632114669688,
    0.44493773801488157,
    0.6434517175101978,
    0.4936761536950792,
    0.6560587639605029,
    0.520914272637282,
    0.5745872960852705,
    0.6480773457022807,
    0.5863422860233278,
    0.4816110981161272,
    0.6020763428833634,
    0.653937432901256,
    0.5327865238495423,
    0.6613212970609198,
    0.5985399568505836,
    0.46719868170129636,
    0.5209971338038517,
    0.45743190371005304,
    0.5470518769945749,
    0.3627889385175885,
    0.4039849600152626,
    0.601880287423454,
    0.6019452377623774,
    0.44490540362982595,
    0.37024656741859896,
    0.299217996274256,
    0.2812480725623583,
    0.5940770309634265,
    0.3498218331563002,
    0.4612819144712371,
    0.46333337829271254,
    0.15755164030445556,
    0.378054150100828,
    0.2558909554476442,
    0.2474035852836025,
    0.32764989718373994,
    0.1354191109689954,
    0.11512918184829414,
    0.2946064714235586,
    0.11762400921811345,
    0.130854231905902,
    0.11163422177968262,
    0.1549336643593575,
    0.22570084839542603,
    0.18134076884356531,
    0.2324539545676278,
    0.11107132528129347,
    0.13010253516457668,
    0.1213521772778107,
    0.1536030092848526,
    0.12570390745483223,
    0.1251720593736494,
    0.1242363117079893,
    0.14584024361029724,
    0.12256562804022765,
    0.17069000468176093,
    0.18062443824089516,
    0.2766597714499633,
    0.15772716842588344,
    0.31390675881543323,
    0.22553571263421718,
    0.17435237530062153,
    0.2237957904834279,
    0.3343244102882588,
    0.38261899577352826,
    0.26824804439529837,
    0.5477410052273716,
    0.41605623410365816,
    0.43445932084644534,
    0.3288825887671883,
    0.35748400718494944,
    0.44197927094988515,
    0.6121430625976414,
    0.5218942601008529,
    0.6233525207997107,
    0.6416012290884261,
    0.5053256508771433,
    0.4879104548482021,
    0.5523458030094087,
    0.6411087728071455,
    0.45349351919784786,
    0.5983765170405688,
    0.7041879191281165,
    0.6144683292055318,
    0.6805228617204832,
    0.6385306792985844,
    0.6549329716118989,
    0.48523050906035353,
    0.5983899709126419,
    0.42863884904328453,
    0.6781005917079844,
    0.6087353955063932,
    0.5518164996626432,
    0.44155321936653025,
    0.5080745936115794,
    0.4884688430129969,
    0.41619128888979057,
    0.4723990095431565,
    0.5631876710442169,
    0.3861381984914423,
    0.3449162856566853,
    0.3972864785856249,
    0.3755579096331833,
    0.24112215432549844,
    0.23603655366420104,
    0.2136627687665032,
    0.3807435975686953,
    0.2552025310815026,
    0.24502525262214173,
    0.16944338478392706,
    0.24520298711580402,
    0.14839921264941516,
    0.11210461854713813,
    0.15693509953589097,
    0.09645828938424396,
    0.1423983452854259,
    0.22343488194034322,
    0.1750633433504213,
    0.16094766957423626,
    0.1365038792713941,
    0.1346181996166672,
    0.1819384063669823,
    0.1301265828593455,
    0.10818632029749212,
    0.16421801650216936,
    0.1559597177153119,
    0.1023535572289014,
    0.19383966199962338,
    0.17992517157166654,
    0.14821460082098867,
    0.20528745073121846,
    0.1812120481564633,
    0.20321601678137666,
    0.2958695019240878,
    0.1460475568720922,
    0.1492392539422997,
    0.25762298216963436,
    0.22986360105639272,
    0.25546818186473835,
    0.3024478925583798,
    0.20610812022763744,
    0.3261450314826083,
    0.2506072889508643
  ],