{
  "phases": [
    0.0,
    0.6613879270715354,
    1.3227758541430708,
    1.984163781214606,
    2.6455517082861415,
    3.306939635357677,
    3.968327562429212,
    4.6297154895007475,
    5.291103416572283,
    5.9524913436438185,
    6.613879270715354,
    7.2752671977868895,
    7.936655124858424,
    8.59804305192996,
    9.259430979001495,
    9.92081890607303,
    10.582206833144566,
    11.2435947602161,
    11.904982687287637,
    12.566370614359172
  ],
  "xc": [
    0.18987455034455214,
    0.2594860452564165,
    0.13410517335933214,
    0.3045519118894188,
    0.19592479297589946,
    0.3366034139641786,
    0.22186299555557948,
    0.20659281200357943,
    0.13768704701824477,
    0.1691096758432199,
    0.17723240670722107,
    0.19387286188409497,
    0.1979600890462697,
    0.22964368122115725,
    0.16350055305792194,
    0.18963182540478615,
    0.1584499279856559,
    0.1681659000735874,
    0.2236020028358738,
    0.18715348225712924,
    0.18134469320659444,
    0.17273018936963405,
    0.20892655935476945,
    0.2628057642300888,
    0.23223778222349242,
    0.3001417742028818,
    0.3059111096100914,
    0.1897822200891708,
    0.22699287583731162,
    0.30779437146581917,
    0.23478986633110338,
    0.1848455408279039,
    0.40416362631603747,
    0.380504791135404,
    0.35397813977505144,
    0.38562160015006236,
    0.33641696279654015,
    0.23418066349996033,
    0.5044506330994022,
    0.2876188000315279,
    0.49003711789446613,
    0.5347422484802574,
    0.4135247706395174,
    0.5277619873758813,
    0.5138904376818263,
    0.488631077868565,
    0.5285309343762518,
    0.44891179556478417,
    0.4225285018777879,
    0.4693086903990614,
    0.47638160513192707,
    0.5394341285555609,
    0.48047725656637486,
    0.5575171058103051,
    0.6094992342379998,
    0.5027169917517917,
    0.42692945208165967,
    0.35255221754714483,
    0.6038979654565014,
    0.5508518198603006,
    0.5970371305176959,
    0.5256379148844925,
    0.41922712182479005,
    0.35278118231728817,
    0.23420729814812077,
    0.3392741256180187,
    0.34728310687568265,
    0.26025354409405327,
    0.5030288442251374,
    0.380467132193595,
    0.35120341302422925,
    0.5231005376948932,
    0.18091806368803226,
    0.14738994861954477,
    0.23514094437523103,
    0.18439795732681116,
    0.17354063384120227,
    0.29395195092590015,
    0.5142858446072305,
    0.1922132594161372,
    0.1483040640665889,
    0.21318160228405597,
    0.21723014671264426,
    0.1523639789189602,
    0.23234100946768171,
    0.15096391868577,
    0.17469106896641431,
    0.2130785628316759,
    0.17030693526901014,
    0.1694259135555688,
    0.1575216882100137,
    0.17768143188750551,
    0.1878517926196173,
    0.19139489530281636,
    0.17632787907121708,
    0.19583859447986304,
    0.23101532314564965,
    0.1522048125854535,
    0.35711208406565803,
    0.4607324701879839,
    0.37678989468303253,
    0.2448508397741831,
    0.28560435256194666,
    0.3190502460864061,
    0.4639392336180183,
    0.31551564383389413,
    0.39482866575591985,
    0.23704210930500447,
    0.4320352444670874,
    0.5096904835028868,
    0.3100483282682674,
    0.49417429909315186,
    0.5226711109384062,
    0.49769785851478215,
    0.5643396617419939,
    0.5870848770398661,
    0.394893270293848,
    0.5386647664828258,
    0.5445424507460066,
    0.6155241519216337,
    0.4596420033229633,
    0.597720561632957,
    0.5907252892601198,
    0.5732851689415845,
    0.523119007292235,
    0.5093757520753656,
    0.6230642579117885,
    0.5642415139016826,
    0.5232086545009738,
    0.5361302174055205,
    0.501123735708705,
    0.4861031352374265,
    0.32886527167541024,
    0.5469567154205954,
    0.4997761232411304,
    0.5054854139227039,
    0.22321569563655036,
    0.2909868158536602,
    0.5770065661926889,
    0.3111304121842964,
    0.473905506144866,
    0.3332857687153287,
    0.3304691651340348,
    0.3502289376682927,
    0.38738078680707333,
    0.2671267312424523,
    0.22734241715456635,
    0.32598995906890227,
    0.2322716790497468,
    0.17213597852970583,
    0.2558347749338041,
    0.2310413559322034,
    0.23096990637711062,
    0.26142659533202084,
    0.15811220226330747,
    0.1669277482224415,
    0.1662450783040247,
    0.15995403340256475,
    0.1476372698532775,
    0.119532987633206
  ],