{
  "phases": [
    0.0,
    0.6613879270715354,
    1.3227758541430708,
    1.984163781214606,
    2.6455517082861415,
    3.306939635357677,
    3.968327562429212,
    4.6297154895007475,
    5.291103416572283,
    5.9524913436438185,
    6.613879270715354,
    7.2752671977868895,
    7.936655124858424,
    8.59804305192996,
    9.259430979001495,
    9.92081890607303,
    10.582206833144566,
    11.2435947602161,
    11.904982687287637,
    12.566370614359172
  ],
  "xc": [
    0.1265982730076059,
    0.10848076264467307,
    0.101857238397127,
    0.28969849185495317,
    0.15356222431190833,
    0.2724157061109283,
    0.10296108915155741,
    0.1333543828810626,
    0.10150324839745324,
    0.11330981989159092,
    0.12850768422420206,
    0.1198348012164051,
    0.09981085098213802,
    0.10687021159120051,
    0.11578366089550111,
    0.125484984643121,
    0.09231708970948034,
    0.11075514268033393,
    0.1481913237562463,
    0.10315478798110428,
    0.12431233939124062,
    0.12716218471831292,
    0.3327166704390387,
    0.17050771795837144,
    0.3766588261470733,
    0.171525261608174,
    0.24410063231535045,
    0.17688196396612443,
    0.23523849608800687,
    0.3360402819924935,
    0.21881315771133877,
    0.3719865542059351,
    0.3824402672564479,
    0.4573450291323049,
    0.36762928592624566,
    0.4772585240959709,
    0.3226663654856734,
    0.29538878552243714,
    0.4229621431333591,
    0.2828322197976485,
    0.5739487633524589,
    0.5966072718483855,
    0.6691464748922978,
    0.5121126775871649,
    0.5843690892514526,
    0.6045168162042135,
    0.5776861045744132,
    0.5480214854478441,
    0.6321238430892666,
    0.5446181067531701,
    0.48907681731996766,
    0.7003081071220914,
    0.5219668850752834,
    0.5911985924043802,
    0.6389277768418852,
    0.6805966686702248,
    0.6302722310378581,
    0.5678829244880248,
    0.4995409916445823,
    0.5769809960852127,
    0.5694921112066679,
    0.593934896493572,
    0.5554297756608784,
    0.4291351551029063,
    0.5408194294402433,
    0.18057572672774572,
    0.46339333526570997,
    0.28476502345340293,
    0.5709982166729263,
    0.5116819177831597,
    0.3627681455499662,
    0.25465238025596987,
    0.14139635248211682,
    0.17983270737029325,
    0.2829060723659844,
    0.2859866658048991,
    0.15175044353159722,
    0.21919146945182322,
    0.29772388257475374,
    0.24976358708741828,
    0.17555982393920966,
    0.11269633918943599,
    0.09349862278026451,
    0.12250700550777853,
    0.13582540216748862,
    0.1440375348661289,
    0.13388793987017425,
    0.10788227317614806,
    0.1383530232483877,
    0.08247128827210938,
    0.09034435074490152,
    0.1125999235124572,
    0.10852470323094558,
    0.13969512721532257,
    0.14511048796382234,
    0.09472076641438705,
    0.25346361364925707,
    0.2965192966793012,
    0.3016798599615846,
    0.20783894884564275,
    0.11216400626412815,
    0.20339976765479728,
    0.19529464537314462,
    0.3951414095436691,
    0.420584806427279,
    0.29827362399246043,
    0.4272926977741312,
    0.37242543323160365,
    0.35627634630415006,
    0.29151724235476856,
    0.5344003625427429,
    0.3059054657175242,
    0.654009346342608,
    0.6278616073344108,
    0.49477324908521836,
    0.5585166862258701,
    0.46406243059565583,
    0.5755329239678498,
    0.3486913696174735,
    0.5186339439880964,
    0.590849437223483,
    0.5510751321029157,
    0.6580503387183674,
    0.6624216580464698,
    0.5555670216867539,
    0.44756284249994455,
    0.6532503856814961,
    0.6797739194891094,
    0.4756199707863234,
    0.6294672296603218,
    0.6123484161375928,
    0.5649555989931544,
    0.688287406021338,
    0.5911121078179595,
    0.5324138794416509,
    0.5699132387077134,
    0.35446243316203974,
    0.5060750769167606,
    0.4601293255388329,
    0.31594287308146474,
    0.33387531315926167,
    0.30309791973628347,
    0.37884147111458627,
    0.5723603834639429,
    0.32195178586506795,
    0.2595861244370832,
    0.23928470429670812,
    0.5271224242030069,
    0.42317906320281307,
    0.21021820178607556,
    0.13218390804597702,
    0.30675007349663813,
    0.15307313137223752,
    0.1486794344461502,
    0.13189014315690092,
    0.1412597050035345,
    0.16342612483515828,
    0.15602157636040867,
    0.09758517116901964,
    0.10159599436707871
  ],