{
  "phases": [
    0.0,
    0.6613879270715354,
    1.3227758541430708,
    1.984163781214606,
    2.6455517082861415,
    3.306939635357677,
    3.968327562429212,
    4.6297154895007475,
    5.291103416572283,
    5.9524913436438185,
    6.613879270715354,
    7.2752671977868895,
    7.936655124858424,
    8.59804305192996,
    9.259430979001495,
    9.92081890607303,
    10.582206833144566,
    11.2435947602161,
    11.904982687287637,
    12.566370614359172
  ],
  "xc": [
    0.18443754459629225,
    0.125415466168127,
    0.17018083799065664,
    0.2748383662239514,
    0.27753136622143754,
    0.2469887760137991,
    0.24165972489673476,
    0.21926346042521505,
    0.14561889673051995,
    0.5277097251975361,
    0.5011211279820396,
    0.37093308380594925,
    0.37148439753490836,
    0.22421426248740373,
    0.2659835204854486,
    0.30243133292099694,
    0.49726844808857684,
    0.5428970324562072,
    0.46110610163306026,
    0.5107074199147954,
    0.4270442659162274,
    0.6182908119529746,
    0.44420608386154936,
    0.3660132206052997,
    0.5800447564521992,
    0.5804925040302422,
    0.6028350951404258,
    0.5517915924666774,
    0.5139409685937182,
    0.47662051056557125,
    0.5960726290688655,
    0.5710978675278432,
    0.548454305016771,
    0.5166915899957475,
    0.6925614168014265,
    0.6397361362812614,
    0.5383828018137932,
    0.6468550285906491,
    0.6309124153441146,
    0.4837718130551589,
    0.3680589079543695,
    0.41623509214405136,
    0.41158842203352836,
    0.2882995576748126,
    0.5294527393318998,
    0.5963693247962747,
    0.46207333069168127,
    0.29602534365834043,
    0.5419272799754409,
    0.4111810512109002,
    0.37059340124660645,
    0.20959332376526793,
    0.421911477220748,
    0.409598521065652,
    0.4858439284683387,
    0.2811003694178042,
    0.12556841478082817,
    0.1537150136760463,
    0.0754462519778481,
    0.14098941826051525,
    0.14353917243752634,
    0.10848986949237985,
    0.17055393948126085,
    0.12449198033108799,
    0.08248081687198625,
    0.09557168227373458,
    0.09635901500194617,
    0.0751504595679502,
    0.12585298963669192,
    0.07499174341331559,
    0.08424053487307957,
    0.12435292063235344,
    0.12144234785097867,
    0.08969279108289833,
    0.08241090576049362,
    0.11249670194365453,
    0.13711929728436506,
    0.12359956088244582,
    0.13617492155309224,
    0.08583392511692828,
    0.28485097417784105,
    0.2411567899749188,
    0.2256348166673283,
    0.18427608413782084,
    0.34773465119339503,
    0.4055307250791911,
    0.2118451441045164,
    0.3505571577059471,
    0.33040483359902384,
    0.47977250854592235,
    0.2445631416031849,
    0.4861932995625144,
    0.3736938270525965,
    0.29964487092899633,
    0.3753423383936991,
    0.30216335694087865,
    0.5543141228845121,
    0.5819882916586374,
    0.6042229204564247,
    0.5528612844942038,
    0.44043924290606656,
    0.6134675776608386,
    0.6015306041226162,
    0.5005047192994914,
    0.6695585424830671,
    0.4502773300987895,
    0.6379121911728565,
    0.5518828786710974,
    0.5103247241395625,
    0.6760678370317329,
    0.6599717829952617,
    0.6539324799580594,
    0.49642829458128207,
    0.6128057488204179,
    0.6693337528112817,
    0.5301582988545673,
    0.532184593909914,
    0.6596114332973895,
    0.7396170815156605,
    0.6080139196291959,
    0.32973239838420365,
    0.39017193176474235,
    0.4869784031396009,
    0.43898160221097876,
    0.3452814357802442,
    0.4175426149623793,
    0.5237562109778774,
    0.261451362673198,
    0.5137687541822908,
    0.12928371750369233,
    0.21797423261141846,
    0.13639168578531757,
    0.1430113472449274,
    0.11902527283754434,
    0.17960880796553153,
    0.2235502877639525,
    0.11581437047187276,
    0.0823166819431714,
    0.09818707211520399,
    0.10857760338577746,
    0.12394433731412441,
    0.08203065487869625,
    0.12529696466766968,
    0.1366977515811407,
    0.0767252007821501,
    0.08092370374696399,
    0.16154012153959693,
    0.19301646353181787,
    0.09140698209228786,
    0.11555051466342074,
    0.14725082241818924,
    0.13454497037480861,
    0.2578883458633044,
    0.13708628821629856,
    0.1617279312625754,
    0.23750994793963645,
    0.12350917293233082,
    0.19541330133274812,
    0.2139344426825107,
    0.15383899377073437
  ],