{
  "phases": [
    0.0,
    0.6613879270715354,
    1.3227758541430708,
    1.984163781214606,
    2.6455517082861415,
    3.306939635357677,
    3.968327562429212,
    4.6297154895007475,
    5.291103416572283,
    5.9524913436438185,
    6.613879270715354,
    7.2752671977868895,
    7.936655124858424,
    8.59804305192996,
    9.259430979001495,
    9.92081890607303,
    10.582206833144566,
    11.2435947602161,
    11.904982687287637,
    12.566370614359172
  ],
  "xc": [
    0.35236640225577115,
    0.38926038662395107,
    0.36800266301031126,
    0.32684244379210453,
    0.3029825331082739,
    0.3792807162097126,
    0.3157965879825273,
    0.3490647905833305,
    0.3268857356235997,
    0.4237690709979331,
    0.4051493456660473,
    0.4145210077377387,
    0.34395289288694103,
    0.37267797305785577,
    0.34855927007825743,
    0.37503655067917807,
    0.39366460716861246,
    0.3825079439830852,
    0.3367407083473954,
    0.3591383022930754,
    0.353858148611552,
    0.3167155708041094,
    0.33253919819735234,
    0.39211790069239283,
    0.37261825400895193,
    0.35534802883615046,
    0.43091139940913176,
    0.3733436982797532,
    0.44715068870595026,
    0.41326694381160406,
    0.36643403107724853,
    0.39066766809927167,
    0.41439831660602183,
    0.4025054326984533,
    0.3352909529946076,
    0.39406603055344075,
    0.4130448682086284,
    0.37061746273501284,
    0.35658577721442075,
    0.3514448952145031,
    0.3556744248440539,
    0.3930538477953804,
    0.3574022011980955,
    0.35739190221127953,
    0.36292686173276234,
    0.40505603825123115,
    0.37486829118223886,
    0.3352629279295237,
    0.32102017301704067,
    0.37286928360786364,
    0.39481930012027733,
    0.37033266149978183,
    0.40325903630089,
    0.3300904930333995,
    0.32874023796867974,
    0.34093621938888,
    0.35022405551694674,
    0.31643540388022534,
    0.30120207821633693,
    0.3123446697570699,
    0.33669742720187823,
    0.33921431869308527,
    0.3105928424644256,
    0.35669879336313226,
    0.33599350609511497,
    0.33908708981492,
    0.3919932151934841,
    0.3320019993150495,
    0.2891111555644462,
    0.31201714485255017,
    0.31794391687974427,
    0.35006466092014754,
    0.32807732999448525,
    0.3704295349662762,
    0.38525641191693066,
    0.32523269301496593,
    0.41788309528132006,
    0.36862779620368213,
    0.35572930831293625,
    0.3247953371948196,
    0.3686227080740701,
    0.33803344937556296,
    0.4203521209149269,
    0.35522231617963534,
    0.3422867764703782,
    0.34463365476291047,
    0.33545191278047476,
    0.36551384544085275,
    0.3284129112401534,
    0.39117247566947877,
    0.4011939272472698,
    0.3346071914867372,
    0.4221778167759188,
    0.3656365982780384,
    0.44393693213575447,
    0.4265511088452715,
    0.38806609185206214,
    0.35788818528594935,
    0.33243611769515624,
    0.37282819142751705,
    0.41706643407472016,
    0.41656399968630703,
    0.3423040975945693,
    0.39080166809882366,
    0.35812304375495146,
    0.36625774790120147,
    0.40039266839691784,
    0.34826988508698725,
    0.4181077762655708,
    0.3173915220174366,
    0.44984197337425746,
    0.39994460810232396,
    0.3904381613282482,
    0.3060400636282924,
    0.3642597188569859,
    0.3412175401563218,
    0.33880808806483087,
    0.3267926525604167,
    0.38550181437505765,
    0.3360894057786662,
    0.3254005535675633,
    0.34521524860025526,
    0.32523367317568286,
    0.3279253654639726,
    0.2972899258634797,
    0.3105856043945847,
    0.31701715314999135,
    0.33329841152326606,
    0.2779129525721502,
    0.3149823589264713,
    0.3376920041284682,
    0.34443339834510883,
    0.3236488359711771,
    0.3311825270952097,
    0.33386456198932485,
    0.3267202122448597,
    0.3613906099743156,
    0.4405958323892499,
    0.34593167908385675,
    0.3622800384230211,
    0.3924372934611842,
    0.33560857559492413,
    0.35989701094723436,
    0.31473272171253824,
    0.3578256997761679,
    0.37752291987577946,
    0.3796113949455022,
    0.37640955002387744,
    0.39591975435998883,
    0.437860237332831,
    0.37151633012005086,
    0.3709630705944147,
    0.4100415281991424,
    0.4082428370050964,
    0.40167159285661064,
    0.37142431215271016,
    0.42885200312853045,
    0.3509503437259458,
    0.4285057584894469,
    0.34303008894325643
  ],