{
  "phases": [
    0.0,
    0.6613879270715354,
    1.3227758541430708,
    1.984163781214606,
    2.6455517082861415,
    3.306939635357677,
    3.968327562429212,
    4.6297154895007475,
    5.291103416572283,
    5.9524913436438185,
    6.613879270715354,
    7.2752671977868895,
    7.936655124858424,
    8.59804305192996,
    9.259430979001495,
    9.92081890607303,
    10.582206833144566,
    11.2435947602161,
    11.904982687287637,
    12.566370614359172
  ],
  "xc": [
    0.19543626837932745,
    0.3209320863199615,
    0.39665097057101095,
    0.5524212785434854,
    0.3673275914484713,
    0.1729616992471574,
    0.2620744491794028,
    0.2224717391411055,
    0.482252101213541,
    0.3940137096251032,
    0.5382113484286631,
    0.24850693366019969,
    0.32852548073504834,
    0.4016441971006648,
    0.3861469655401899,
    0.4787774819774274,
    0.6495193312994944,
    0.5118227347345566,
    0.6601428340108574,
    0.6353041187184877,
    0.6322517880385922,
    0.7103202478893634,
    0.6502906506275984,
    0.7187051502413733,
    0.6874402484878208,
    0.6555711470373988,
    0.5448865446804472,
    0.728632382205698,
    0.6744245986406127,
    0.5885745929549825,
    0.7006527256478999,
    0.540921271770814,
    0.5062286975671333,
    0.5580994673243932,
    0.5923772106245095,
    0.3281962637753901,
    0.6063814449710754,
    0.5968082921122099,
    0.5480917406389402,
    0.6188292321769073,
    0.4216070294962054,
    0.18275894868369283,
    0.3527230005682332,
    0.26633691428137735,
    0.489441112712499,
    0.33494461757312344,
    0.20704111422246868,
    0.2169077606348464,
    0.2038038436744983,
    0.20186335403726707,
    0.11788707808920737,
    0.1502227184617907,
    0.09865450394012698,
    0.2634075543754269,
    0.2136439325013304,
    0.15557357771379912,
    0.06833935034611203,
    0.16915701979470024,
    0.1183528803810551,
    0.05053823994455154,
    0.10388120809225185,
    0.0741753823136683,
    0.06721704728059842,
    0.14839903328139153,
    0.12205901829849229,
    0.13006153948138902,
    0.22634197520507854,
    0.27456667581716343,
    0.12184246070660094,
    0.1063337999115957,
    0.10225490622873118,
    0.0788642353976479,
    0.24307733731388406,
    0.1849707067628433,
    0.43381087958499226,
    0.29700092730623406,
    0.11583141543212734,
    0.17877710107565023,
    0.26166527741251044,
    0.24828890208457044,
    0.42177477752217873,
    0.37716810346475904,
    0.2875090928501027,
    0.1687901530260806,
    0.46778421966508726,
    0.2949968506090186,
    0.23865277855140274,
    0.4356727799836138,
    0.5751730031007852,
    0.753457657903501,
    0.41903392995265476,
    0.5207622781967286,
    0.5219274692070697,
    0.6111631088232118,
    0.5232140055767255,
    0.6386432597645652,
    0.5666497488270368,
    0.6533043564425376,
    0.6340472388634529,
    0.6274229389016762,
    0.6519724645691573,
    0.5618335758529528,
    0.6141979709843308,
    0.6397061364107526,
    0.6337464203350313,
    0.6930718454188066,
    0.6677420044581527,
    0.5496014143154104,
    0.35328188102732144,
    0.471843330692544,
    0.5030419533526512,
    0.5856879640166911,
    0.4830553230014408,
    0.3211131311605862,
    0.3636243882051583,
    0.33736974359033717,
    0.5437643854273068,
    0.2470678631146918,
    0.42813954355211453,
    0.30540832495692555,
    0.15364633846160827,
    0.24497370862975565,
    0.2679512775852804,
    0.2344343819148208,
    0.10578440566318245,
    0.26053171110411416,
    0.25299694036214077,
    0.29720158943557146,
    0.23306354344102959,
    0.08903536108460516,
    0.18332748925027795,
    0.20971785678074678,
    0.14499009652931868,
    0.19088726136204823,
    0.13971188290752407,
    0.1502380260941029,
    0.0741673102732611,
    0.14402552617584333,
    0.16160974330215813,
    0.17494632322411469,
    0.171075374276516,
    0.08467716862962034,
    0.16723380730495455,
    0.07987245012376952,
    0.11135994324033598,
    0.147401379082179,
    0.09949223416965353,
    0.14136279564013374,
    0.10004094025326161,
    0.15568517558174388,
    0.12411155464451397,
    0.11926993275696446,
    0.23193511271466924,
    0.21210504554730117,
    0.29415363681222556,
    0.46126281188528834,
    0.33773407996155386,
    0.18082914457683544,
    0.27070432128134864,
    0.45767785075313266
  ],