{
  "phases": [
    0.0,
    0.43332312463307493,
    0.8666462492661499,
    1.2999693738992246,
    1.7332924985322997,
    2.1666156231653746,
    2.5999387477984492,
    3.0332618724315243,
    3.4665849970645994,
    3.8999081216976745,
    4.333231246330749,
    4.766554370963823,
    5.1998774955968985,
    5.633200620229974,
    6.066523744863049,
    6.499846869496124,
    6.933169994129199,
    7.366493118762273,
    7.799816243395349,
    8.233139368028423,
    8.666462492661498,
    9.099785617294573,
    9.533108741927647,
    9.966431866560724,
    10.399754991193797,
    10.833078115826872,
    11.266401240459947,
    11.699724365093022,
    12.133047489726097,
    12.566370614359172
  ],
  "xc": [
    0.49442385446636505,
    0.795340011234063,
    0.6161122421436946,
    0.39759815151535044,
    0.7005672304207007,
    0.5361683451359975,
    0.7205805748351654,
    0.5589080333142379,
    0.6208422636972436,
    0.7834410957504016,
    0.6650669618557492,
    0.3216367924321528,
    0.7753957371096841,
    0.5822996489247414,
    0.5803724674865081,
    0.4246241154580228,
    0.6708650487939257,
    0.5410878851162267,
    0.5637718980414298,
    0.4948811645968361,
    0.4945230917812645,
    0.16377364024604424,
    0.4508118004902106,
    0.29934331673210834,
    0.47733909028765115,
    0.5036052049813499,
    0.42839033387693376,
    0.21376598115206966,
    0.4461615993726613,
    0.4674794296110516,
    0.4229254968023148,
    0.2829945058853009,
    0.17051391164757368,
    0.1496289642124602,
    0.1461990335400427,
    0.22697975886407953,
    0.2129717747862482,
    0.26645900974468445,
    0.24139715648278995,
    0.27356900759076114,
    0.13990687707709373,
    0.14327955172962692,
    0.42331556342036,
    0.18075760196793297,
    0.14478765838225013,
    0.15680981963519533,
    0.1723819438822227,
    0.1691290466680681,
    0.33674227220138964,
    0.14692662779397472,
    0.1678765450473916,
    0.1752745652934387,
    0.2334490023914158,
    0.13672109573638955,
    0.14351443944832643,
    0.1425409723596958,
    0.22346051952961074,
    0.19622746857405204,
    0.49224543645797497,
    0.15941282399152676,
    0.3135995149121057,
    0.14969060590764305,
    0.14069222597735057,
    0.14073638869627297,
    0.1491385033243359,
    0.27336830075769764,
    0.1781459244307006,
    0.17431920775755663,
    0.13369820089686665,
    0.3110457231267319,
    0.18709424557313126,
    0.4113098656817664,
    0.2926588215853081,
    0.1755251387616533,
    0.45141820826184564,
    0.34170501058896036,
    0.20774282751469064,
    0.17240864580845475,
    0.17442394698521224,
    0.1940468828759542,
    0.4220505859504871,
    0.4080777509354452,
    0.4833573820535383,
    0.20492637773789601,
    0.615481381990026,
    0.22030385699428762,
    0.7093314605468839,
    0.4722093358297706,
    0.49040465419325624,
    0.36918249544304627,
    0.7421930090236724,
    0.7277797972498816,
    0.6152041215951599,
    0.6222823231267824,
    0.6737477150149691,
    0.5366432206601577,
    0.45112915023337974,
    0.7987264587392171,
    0.46610568030779176,
    0.6637660822455665,
    0.4259692108353996,
    0.5311936849786072,
    0.6796628303905529,
    0.7430728032389242,
    0.7013579213233662,
    0.6272765090199687,
    0.7531894393541523,
    0.7994801613759902,
    0.7967626530111185,
    0.6343557094153593,
    0.6471857770505508,
    0.7939286394817073,
    0.3989733593242365,
    0.7860365558618605,
    0.7564424762674429,
    0.8029057963688004,
    0.7678758596006852,
    0.798419873675409,
    0.7350784589174164,
    0.562726115230438,
    0.7845405502161463,
    0.7987347554873181,
    0.7930919003115264,
    0.7903001871882238,
    0.786030767766422,
    0.7961746751929882,
    0.7886879049371129,
    0.5028289350860431,
    0.7500101653601889,
    0.7144708828488385,
    0.5978598858856008,
    0.7948254634366275,
    0.7948282066087348,
    0.5058735584229498,
    0.6819838337760721,
    0.7158596546879956,
    0.339578524639947,
    0.7524570962340792,
    0.7823572467863007,
    0.7405237360657052,
    0.6201505624705933,
    0.5860848256925233,
    0.5080185056716543,
    0.7806286690348708,
    0.5036623271111172,
    0.3858868519954255,
    0.7870137857394928,
    0.6649420208711373,
    0.5029064867499738,
    0.6796326174212072,
    0.4448209019608276,
    0.7838834966569892,
    0.3258946744729781,
    0.20382936380561084,
    0.4170462644647644,
    0.6925026214610276,
    0.4808070361426013,
    0.3792954409803728,
    0.4579193177515722,
    0.4503118138086555,
    0.18974828711499545,
    0.19361269219266247,
    0.5417688488627179,
    0.24893922671473911,
    0.24908376105476804,
    0.30448525600430587,
    0.1731233426166814,
    0.41011413579693246,
    0.28978250798918587,
    0.3086696211412779,
    0.42092776667413484,
    0.19585897717137007,
    0.3811501087345501,
    0.2191844262041451,
    0.3024688805260328,
    0.14259301349744738,
    0.16960477050890396,
    0.2896333435670965,
    0.3775571132156345,
    0.3033198422325533,
    0.14830422989845554,
    0.3362564336156893,
    0.3318230681316692,
    0.17509276734248724,
    0.19461215250500058,
    0.15653747784983865,
    0.18701452406122168,
    0.16840779955782176,
    0.1875680636699246,
    0.13071106855643766,
    0.15920977828311542,
    0.19521224169699383,
    0.16202652686622557,
    0.19833984502606855,
    0.14410760344766668,
    0.14342289132650424,
    0.24964634958317114,
    0.19520820732133273,
    0.15210698926394603,
    0.13892728856891398,
    0.266818127573916,
    0.38272686520200516,
    0.16640967766752957,
    0.1665738670471451,
    0.4357082321541126,
    0.38778726154543214,
    0.32569751490796395,
    0.19864355689525245,
    0.2187512789112648,
    0.2361203161715639,
    0.3347704062798632,
    0.20172118869187272,
    0.42094170354104365,
    0.21287296358293664,
    0.19993667164246617,
    0.15081892419286722,
    0.22565348652121525,
    0.44620127962318307,
    0.39632976707889517,
    0.6352093187888149,
    0.38740348217713627,
    0.476442678786374,
    0.49773865058595973,
    0.4695744875270324,
    0.4291796118328209,
    0.595941917721471,
    0.29587095783282885,
    0.38786302586753063,
    0.14682522163849948,
    0.5952212116195938,
    0.43773531111624353,
    0.5340318548569755,
    0.6746930300239254,
    0.5301193415313261,
    0.3022948168078221,
    0.5221883191230915,
    0.5888186583368931,
    0.6520732171971362,
    0.43753265676073655,
    0.6809245881899129,
    0.7802047621559216,
    0.6795017743658452,
    0.7700837957584973,
    0.4901270830047837,
    0.4540498367144128,
    0.5194227982709668,
    0.7118134220704955,
    0.6165198742810198,
    0.6593641085628187,
    0.7988103066966443,
    0.7832460817374945,
    0.7929114703550925,
    0.723667319930014,
    0.7736250218585495,
    0.7584575586412917,
    0.7947034165720018,
    0.7794678054391626,
    0.7489738116039668,
    0.7481154594781203,
    0.7329200991405442,
    0.7891064155333565,
    0.7521282746809761,
    0.7416112056073699,
    0.7922445751846596,
    0.7514583854119428,
    0.7631425925032119,
    0.7950747454841645,
    0.7515626423474597,
    0.7505200915999225,
    0.7225305669283392,
    0.6928988965000874,
    0.7898799536522455,
    0.7398320410348858,
    0.7441603298338544,
    0.6153311386918028,
    0.7043700357415162,
    0.7940305275965048,
    0.7934291790648431,
    0.7902191877183273,
    0.6786212062824359,
    0.7045882499233922,
    0.49362594751266703,
    0.5920527836682672,
    0.5132986578108102,
    0.7671556504687146,
    0.2192870533534533,
    0.4110964403958988,
    0.29510832724654895,
    0.7317047452905016,
    0.48842114339343573,
    0.4079548129459624,
    0.28846385229321286,
    0.3884565159475737,
    0.32157954169067016,
    0.384505866921747,
    0.2809946994618342,
    0.30858004631665836,
    0.4328220579035173,
    0.3197966479167859,
