{
  "phases": [
    0.0,
    0.43332312463307493,
    0.8666462492661499,
    1.2999693738992246,
    1.7332924985322997,
    2.1666156231653746,
    2.5999387477984492,
    3.0332618724315243,
    3.4665849970645994,
    3.8999081216976745,
    4.333231246330749,
    4.766554370963823,
    5.1998774955968985,
    5.633200620229974,
    6.066523744863049,
    6.499846869496124,
    6.933169994129199,
    7.366493118762273,
    7.799816243395349,
    8.233139368028423,
    8.666462492661498,
    9.099785617294573,
    9.533108741927647,
    9.966431866560724,
    10.399754991193797,
    10.833078115826872,
    11.266401240459947,
    11.699724365093022,
    12.133047489726097,
    12.566370614359172
  ],
  "xc": [
    0.5932937567856476,
    0.7583761785889446,
    0.7367394707328837,
    0.651051500654473,
    0.5996549103946586,
    0.497307646133335,
    0.5394366506740308,
    0.7303672209146357,
    0.6365083209848399,
    0.745214223168256,
    0.5839937336321317,
    0.7246376197278421,
    0.6804532082835756,
    0.6856120754165982,
    0.7352139140957517,
    0.559788369791111,
    0.6146008973539738,
    0.5690307160903421,
    0.7725696757593792,
    0.603635728466382,
    0.6509910948541158,
    0.6784776670880146,
    0.6886289907466153,
    0.7149315266304972,
    0.742627226877705,
    0.676729722022298,
    0.6183211508966373,
    0.6829715666856894,
    0.6311877772301626,
    0.6887902500345989,
    0.47223143920874466,
    0.5375192606056413,
    0.5602097950714469,
    0.45641856929831304,
    0.6436173380983322,
    0.5420484859384239,
    0.6730785011134408,
    0.4819987724126157,
    0.6598751823820532,
    0.47658931290769824,
    0.7218526135817992,
    0.45829527534595865,
    0.3985476370347328,
    0.564113542534337,
    0.36244817570386845,
    0.456522543181566,
    0.6345958013473288,
    0.4609379443897395,
    0.4525039659222617,
    0.5039846709924661,
    0.4191620358824996,
    0.2311176866529109,
    0.5430635594046219,
    0.4633434001371319,
    0.3992348621432655,
    0.5357712737972773,
    0.43066453786093967,
    0.38234755822189687,
    0.36655124937750827,
    0.21429103834453714,
    0.23345123259579958,
    0.29479816462968883,
    0.3083869966826293,
    0.2401574670568545,
    0.2814181168465624,
    0.2973346379917448,
    0.14357292337411462,
    0.16573441107758147,
    0.13538277228058476,
    0.19322079116512386,
    0.15151745309113335,
    0.12295849652024457,
    0.11315414563257743,
    0.16395262691300783,
    0.17296627975463497,
    0.10565829885209513,
    0.15751844582984853,
    0.1005086523061513,
    0.10033798343161184,
    0.12620998908096037,
    0.09636119708043338,
    0.25620975211897934,
    0.0876844395178937,
    0.1015480390122432,
    0.15959301239722587,
    0.08314774215069812,
    0.07923095186439012,
    0.08056235110000552,
    0.11812138428346713,
    0.10618480594163462,
    0.10912269319492503,
    0.08236928350593074,
    0.10642219683381657,
    0.11340349315358854,
    0.08319195138335599,
    0.21188299348229916,
    0.05851083168174793,
    0.08275427611484423,
    0.09522205582697076,
    0.12917893946519476,
    0.17361228096341227,
    0.10460629728972735,
    0.11499483902313794,
    0.09585075015689944,
    0.13233978667866317,
    0.23610469550931582,
    0.14500940184247804,
    0.13261342636152648,
    0.14343290903394945,
    0.12694684175097706,
    0.25446191715751265,
    0.2313712364438321,
    0.26571815902465123,
    0.2739037292878066,
    0.1894206122508802,
    0.18104596878717197,
    0.26314084835840607,
    0.12407159433893211,
    0.15422886116263607,
    0.23740198267595514,
    0.4073291527114658,
    0.3031540893846445,
    0.3889140424743047,
    0.23253604807544986,
    0.33272975995813264,
    0.3359384367324147,
    0.19917149055637737,
    0.38932088261548764,
    0.496641182070761,
    0.18787732663644674,
    0.4497339070066135,
    0.3650472681365785,
    0.3330838925545785,
    0.35969045144707557,
    0.4977810224351699,
    0.37999364816614856,
    0.21123927491367311,
    0.48933664147277056,
    0.4656508294152134,
    0.477321893943773,
    0.46359866973835623,
    0.468998571545281,
    0.5571047256609771,
    0.5713649036485114,
    0.4659576977827353,
    0.6223941627158601,
    0.6458401446997901,
    0.5243436440109843,
    0.6647597705931609,
    0.4078268141026539,
    0.5127026949850955,
    0.5782735527128732,
    0.7079330207417095,
    0.6731851485503922,
    0.7644347543903764,
    0.725944176625695,
    0.6131018645693274,
    0.6131244287171785,
    0.6363773834257794,
    0.6681618646579655,
    0.7158129601286813,
    0.5453258146624144,
    0.6025230878289236,
    0.6507590761685267,
    0.6012741363457245,
    0.5968601782130118,
    0.5199802220524116,
    0.7284344915290591,
    0.5771307806678085,
    0.7566017752386577,
    0.56806827808435,
    0.49382949414374927,
    0.6927309716618577,
    0.5566227491379677,
    0.6866774131624412,
    0.6255314522236636,
    0.66500321372593,
    0.5833930197268589,
    0.6473365111382958,
    0.4542865871583959,
    0.5655394217379353,
    0.3255087575149141,
    0.5148787403960405,
    0.42428393742445214,
    0.5956664724737902,
    0.5008543430691657,
    0.4972064788975517,
    0.5025973335652812,
    0.48926144813709577,
    0.7445163810110271,
    0.39673829321397597,
    0.3480335789234528,
    0.38325368145218036,
    0.5155453319698338,
    0.41954589226080996,
    0.4665929200799238,
    0.35203455553919405,
    0.38942712746032926,
    0.2118402257824289,
    0.3742139393661783,
    0.29915633815415427,
    0.1702302606253407,
    0.21236008820734595,
    0.42707592004258704,
    0.31092831881386973,
    0.4261497865681293,
    0.25571052891390006,
    0.2886955377213734,
    0.35262295412663325,
    0.22554469482166842,
    0.10024479662766654,
    0.40973701012207975,
    0.08022880431472222,
    0.32527019338600355,
    0.10336127945860506,
    0.3134104486815542,
    0.36198982137511226,
    0.3741325963174555,
    0.2166144021241531,
    0.3167513254076865,
    0.12460054087136622,
    0.13863264870248557,
    0.07375223283489213,
    0.06038562756220053,
    0.11968147664886983,
    0.210786372081519,
    0.06306456704710232,
    0.19134622510448734,
    0.10983712019216145,
    0.08127557946205848,
    0.14350780459468576,
    0.07783729457743682,
    0.17948958084156652,
    0.1184716101060814,
    0.1529187666177229,
    0.09620317935256487,
    0.07004798129660564,
    0.21190613590524457,
    0.09301044113243764,
    0.09352091253141885,
    0.08603520984762958,
    0.07162554754248511,
    0.08690587492871461,
    0.07612252345871452,
    0.13372870515727658,
    0.08978887350526636,
    0.12854000403812843,
    0.10053052660309446,
    0.08092466470604304,
    0.2200279662310038,
    0.19516254325463148,
    0.10639120702406794,
    0.2682971201321914,
    0.13076316263974036,
    0.10258072384944798,
    0.19789874453220693,
    0.18064203427098788,
    0.33369839158960196,
    0.13669936383973602,
    0.16265245542774473,
    0.3602744662131277,
    0.2824994305495977,
    0.30923816561866135,
    0.31461921619147626,
    0.2836793559004763,
    0.37510682500439335,
    0.21173323674055086,
    0.17281144645733892,
    0.17393794106253613,
    0.1583395417356333,
    0.373908929750412,
    0.38098835820260757,
    0.43993992079541194,
    0.32923916462986713,
    0.4774460986275055,
    0.5322519114949432,
    0.501135276022943,
    0.37643760637280077,
    0.5622854877851905,
    0.5335629642003887,
    0.5460244010331994,
    0.49466918556055434,
    0.38145555891848265,
    0.6699397504570305,
    0.695398902730927,
    0.42469191555142555,
    0.6350863303656895,
    0.6187299461469133,
    0.5738250139411184,
    0.4908130218964867,
    0.5952126935440404,
    0.5238947290922764,
    0.6793549176597409,
    0.6509322961429601,
    0.5992323661905236,
    0.5774369251671532,
    0.6279149218481986,
    0.47509869136800226,
