{
  "phases": [
    0.0,
    0.43332312463307493,
    0.8666462492661499,
    1.2999693738992246,
    1.7332924985322997,
    2.1666156231653746,
    2.5999387477984492,
    3.0332618724315243,
    3.4665849970645994,
    3.8999081216976745,
    4.333231246330749,
    4.766554370963823,
    5.1998774955968985,
    5.633200620229974,
    6.066523744863049,
    6.499846869496124,
    6.933169994129199,
    7.366493118762273,
    7.799816243395349,
    8.233139368028423,
    8.666462492661498,
    9.099785617294573,
    9.533108741927647,
    9.966431866560724,
    10.399754991193797,
    10.833078115826872,
    11.266401240459947,
    11.699724365093022,
    12.133047489726097,
    12.566370614359172
  ],
  "xc": [
    0.09719154858435564,
    0.26249397940958075,
    0.12968784959502913,
    0.12007570739557727,
    0.17695356194700887,
    0.0954648854506573,
    0.078456682077412,
    0.13382709774235907,
    0.10094184658062204,
    0.2451358299944382,
    0.13388450743577043,
    0.14962498272228836,
    0.16427947728242426,
    0.33854228796373614,
    0.08530126345028288,
    0.0852464556880889,
    0.2199489607007369,
    0.2967976872185467,
    0.2244118529998127,
    0.2756780791462872,
    0.19520783236001374,
    0.3526805380868166,
    0.48718178712335164,
    0.47011881992129745,
    0.4240562951654953,
    0.37839123417990317,
    0.41446149578449926,
    0.4561193724232166,
    0.18244172918000331,
    0.10174069737549085,
    0.8029198950190403,
    0.5193122292128314,
    0.6742721751133403,
    0.3180503061037144,
    0.41124126803408045,
    0.29107532511780904,
    0.22331714811717918,
    0.6645489880362702,
    0.32551420714083773,
    0.5790370295635797,
    0.6748882915826065,
    0.7065900766710748,
    0.7617456604066228,
    0.5901579563556801,
    0.7729123499013906,
    0.734464849044609,
    0.7656870325487339,
    0.8602192748431029,
    0.7614985701875523,
    0.7254643465488928,
    0.8417127932873827,
    0.8862800614154768,
    0.7428753035473472,
    0.6726525303446738,
    0.844125058352868,
    0.8650746170700431,
    0.8297523172403648,
    0.8141893470843914,
    0.7616482174082936,
    0.7439527625999233,
    0.775859107696908,
    0.8343257110280611,
    0.8791817556587525,
    0.8510124118971938,
    0.8400693507994607,
    0.7533194227665095,
    0.8727292143918547,
    0.8646231485122559,
    0.8795336855732494,
    0.7872413293626925,
    0.8738378242532857,
    0.876761009166837,
    0.8287462313108928,
    0.8015457748082377,
    0.8319832222009164,
    0.8391923748327705,
    0.7414088690904946,
    0.8542336509065406,
    0.8838414245707477,
    0.8798652974680913,
    0.7364686710888221,
    0.5077344268788517,
    0.6892391776741733,
    0.761983409073859,
    0.7013065036717023,
    0.6585548047694784,
    0.7312729400738567,
    0.8288749090840394,
    0.764829840035035,
    0.8389558274682662,
    0.6172338414203822,
    0.4156874583933243,
    0.42368664160697544,
    0.53610187464759,
    0.6253639000168526,
    0.39345053245484135,
    0.5954251187818297,
    0.6581500752134303,
    0.28083557893197714,
    0.8160936506368673,
    0.7027187679119912,
    0.40794451518400277,
    0.3032502120515604,
    0.39686374218048925,
    0.38025587758894114,
    0.29358660053880414,
    0.3029636298046455,
    0.3283840996344136,
    0.5332784706254937,
    0.3898407437280503,
    0.09934039371530409,
    0.31467847232247403,
    0.2459464499122755,
    0.17929892975370407,
    0.39190700903935916,
    0.3689250299370412,
    0.4104761108225413,
    0.2113944247835909,
    0.2411215904394187,
    0.18454205471952487,
    0.11439552299171098,
    0.21333796934224478,
    0.15099437140534686,
    0.12826076137288975,
    0.11737177932404523,
    0.21343561936679897,
    0.18443944060139253,
    0.21965247932538906,
    0.1450871434803382,
    0.1860802309708391,
    0.09619212133063902,
    0.09455683058491277,
    0.07910637493312093,
    0.1934033795493934,
    0.1867973221323334,
    0.07816046978573035,
    0.09237808180898682,
    0.11483638800632132,
    0.08183537573084326,
    0.09764823456937852,
    0.12105787933768124,
    0.08232133868470362,
    0.18592687020899662,
    0.09117961024784899,
    0.08273583710726692,
    0.2066647454818607,
    0.09301090319200098,
    0.08344369740971197,
    0.12009046898673129,
    0.12031725414593486,
    0.2907716550734985,
    0.1715468648144282,
    0.12099567422911861,
    0.31565942450933065,
    0.1217461795500618,
    0.23973709297074908,
    0.09936320947589063,
    0.11644640636317667,
    0.12694623564520024,
    0.48461020926085346,
    0.43145014188378855,
    0.48477919780338535,
    0.1577750371901682,
    0.23383011842907928,
    0.18710168668716376,
    0.37834026529627923,
    0.16436190095805747,
    0.30886530713074883,
    0.42927415925440304,
    0.4495097826012311,
    0.5961185485487716,
    0.4586259590929492,
    0.5131962362485719,
    0.6147437547988708,
    0.6963318495641674,
    0.4405941469974167,
    0.541945526700424,
    0.30649551187389007,
    0.7300962404290743,
    0.470527301430775,
    0.6485108067433982,
    0.7730836399212987,
    0.3719852154436835,
    0.457785134371157,
    0.5855540969613099,
    0.8315514503422906,
    0.8383104206360839,
    0.7169261090720263,
    0.6867101211012573,
    0.5633061556580962,
    0.8269177837441087,
    0.8550476862779702,
    0.5538280561401744,
    0.8787348324678463,
    0.777478142487639,
    0.8713829813551914,
    0.5777487133968118,
    0.7100625761064464,
    0.8167763879745447,
    0.695706327071727,
    0.8228291253177497,
    0.8209059361612372,
    0.8611938557077103,
    0.8407947214315425,
    0.8405449468733017,
    0.8390888357473775,
    0.8408494610768495,
    0.8809137960599247,
    0.862945949550671,
    0.877616796498402,
    0.8654057764301001,
    0.8176684453107399,
    0.6109775426584625,
    0.8762796039584687,
    0.5303849945501217,
    0.8466234980951157,
    0.8725042673927855,
    0.8172815779657209,
    0.8800951014469831,
    0.6680465361348685,
    0.7605925872264129,
    0.6928145219798931,
    0.6802646473749574,
    0.7154611708441727,
    0.8730233156919414,
    0.4959604743177299,
    0.7030334768172307,
    0.4797787020554163,
    0.8154300672152256,
    0.6837332994481556,
    0.6031069710168061,
    0.7197413818097474,
    0.7098698429354654,
    0.5896822438895367,
    0.47700040168596214,
    0.6268000018204822,
    0.6060698825125295,
    0.6051148754129374,
    0.42677785628056275,
    0.7470853072407417,
    0.43538009613027934,
    0.47456254516083374,
    0.6184032460573367,
    0.42082691897573826,
    0.7148551684382369,
    0.49857113136675285,
    0.2130891788685249,
    0.26396892730732974,
    0.5037307534562606,
    0.33260890744914995,
    0.29521948886510097,
    0.2838798206763575,
    0.15025705434834,
    0.22826645380705918,
    0.1396222570333295,
    0.31560069887462505,
    0.189397615838025,
    0.3938524978670964,
    0.3112113921936064,
    0.43170006398659505,
    0.2018594373862569,
    0.243857422763085,
    0.11729568806286118,
    0.14549670649467555,
    0.22317998920540272,
    0.38248391885205346,
    0.09089871012016945,
    0.15857535908583426,
    0.11959313439242168,
    0.18817248424008254,
    0.10255289499764142,
    0.1646909483330574,
    0.1464494203112698,
    0.13965765880110553,
    0.07972530870141069,
    0.1189019796908428,
    0.08276752327282381,
    0.14332202379587813,
    0.07329380412455094,
    0.08465144146441693,
    0.07488948092631086,
    0.09291278482433495,
    0.13121739991350068,
    0.10712920323668212,
    0.09015293390115216,
    0.21800166118786632,
    0.09724313823245236,
    0.09997339778827549,
    0.08048522079112454,
    0.09207388719933647,
    0.08277105164952708,
    0.14818269318675584,
    0.4005335193546095,
    0.11239212203251989,
    0.101515289049265,
    0.12645877672263225,
    0.2092374244998618,
    0.12493080908442061,
    0.09113836576127818,
