{
  "phases": [
    0.0,
    0.6613879270715354,
    1.3227758541430708,
    1.984163781214606,
    2.6455517082861415,
    3.306939635357677,
    3.968327562429212,
    4.6297154895007475,
    5.291103416572283,
    5.9524913436438185,
    6.613879270715354,
    7.2752671977868895,
    7.936655124858424,
    8.59804305192996,
    9.259430979001495,
    9.92081890607303,
    10.582206833144566,
    11.2435947602161,
    11.904982687287637,
    12.566370614359172
  ],
  "xc": [
    0.3016470835485148,
    0.26070246638796074,
    0.2612415468739846,
    0.2579191917893614,
    0.28763604896447603,
    0.2743922306279074,
    0.29423436417516097,
    0.2555665496122978,
    0.36474425036200214,
    0.2597864768683274,
    0.4196063002452427,
    0.3079673101990535,
    0.30532539557244054,
    0.3602532998889757,
    0.32957968483508765,
    0.2628257522724932,
    0.27724295240709906,
    0.3183424722357212,
    0.47912230926107835,
    0.3501982488022468,
    0.35459379283401427,
    0.4500303004901671,
    0.31558343748783374,
    0.297566222569455,
    0.3362435506624444,
    0.4290467589637917,
    0.31183100528500546,
    0.37887946757587715,
    0.46239761929283457,
    0.5615308621890789,
    0.3750647426797163,
    0.5110423985985201,
    0.5509978476750629,
    0.5323689965002197,
    0.5755552898229827,
    0.5784475141042392,
    0.6000774187547617,
    0.596618700767574,
    0.5882567329611379,
    0.5363267725210793,
    0.5382358071160476,
    0.5261146702209992,
    0.5895386485988353,
    0.5724429770766081,
    0.45638598123100643,
    0.6050269744221768,
    0.5201013565711814,
    0.5963597471647192,
    0.4705640138227951,
    0.5254890757427182,
    0.48349403465427004,
    0.5463053302644351,
    0.5457454872125993,
    0.5918244373271537,
    0.5163570053584444,
    0.5287428631710034,
    0.5893628699890088,
    0.37512907217795016,
    0.43592912834797337,
    0.3837078720179031,
    0.42505668498520427,
    0.5906792164448817,
    0.4173871195962761,
    0.4100899295738317,
    0.2895909682700089,
    0.4927556489220148,
    0.5830263194899218,
    0.32477273238452714,
    0.37708787145758865,
    0.3374847924125478,
    0.35315549087623793,
    0.33618180947618187,
    0.2995208024261839,
    0.35317571969207295,
    0.31660039563606257,
    0.2651897301782885,
    0.31555743655773194,
    0.2740831149895792,
    0.3628907986989924,
    0.3559717770158383,
    0.2912635640648814,
    0.34353614348081324,
    0.2867150154405855,
    0.26191791670735737,
    0.2733570731349707,
    0.31508080670672994,
    0.4473198527689128,
    0.29114922740008886,
    0.3609861712169432,
    0.31309590226312617,
    0.30557840847503226,
    0.4381951935370205,
    0.48732229102425434,
    0.31220204178038313,
    0.41242031044634336,
    0.3407941054525648,
    0.5646024317680637,
    0.5872681510472179,
    0.44291897294697835,
    0.6006088785722571,
    0.4920391504200349,
    0.5336755391811897,
    0.4477367347018405,
    0.47773636175039286,
    0.5085634689762103,
    0.552614477007312,
    0.445658841462612,
    0.5799043595782475,
    0.5366225923652471,
    0.4973680485134241,
    0.5451415228608295,
    0.5961891586313418,
    0.5778149810834862,
    0.5970055235771233,
    0.5963757259670404,
    0.5643276923238233,
    0.5976472563480453,
    0.5834720167234522,
    0.5860151330614068,
    0.5776501568648083,
    0.544404568888565,
    0.4919653989321581,
    0.5863351002097176,
    0.5847263919932902,
    0.5691672097975004,
    0.418028917320787,
    0.5931970416568363,
    0.5857980564127406,
    0.5559763862999778,
    0.4887288452788604,
    0.34219294107527576,
    0.3891158517745446,
    0.37723655306329695,
    0.48271942316821265,
    0.42939427362500565,
    0.5067191265347264,
    0.2593133683470284,
    0.5099803937482114,
    0.5422327126965235,
    0.28933060828315005,
    0.33465485707462944,
    0.27744690386040316,
    0.2913936543233276,
    0.26604071776468846,
    0.2893897174537632,
    0.28788147597834435,
    0.2538962905903158,
    0.26597915348832,
    0.25100534827825016,
    0.32333561260645244,
    0.27674825537565617,
    0.2626539335035477,
    0.28051118384863816,
    0.25999088648881996,
    0.28210648006964123,
    0.2776438186617902,
    0.27364633587580517,
    0.27139546905726153,
    0.3061263091905446,
    0.27587853194722756
  ],