{
  "phases": [
    0.0,
    0.6613879270715354,
    1.3227758541430708,
    1.984163781214606,
    2.6455517082861415,
    3.306939635357677,
    3.968327562429212,
    4.6297154895007475,
    5.291103416572283,
    5.9524913436438185,
    6.613879270715354,
    7.2752671977868895,
    7.936655124858424,
    8.59804305192996,
    9.259430979001495,
    9.92081890607303,
    10.582206833144566,
    11.2435947602161,
    11.904982687287637,
    12.566370614359172
  ],
  "xc": [
    0.24750332768941757,
    0.243642187804832,
    0.18927536187452768,
    0.2594327831291858,
    0.24085278382529154,
    0.24036592441071097,
    0.2617802433708625,
    0.25894750213989953,
    0.26980157007039035,
    0.330240318473202,
    0.29732486575288725,
    0.23823814311638628,
    0.33094723413303095,
    0.38868986078718953,
    0.25868733586316756,
    0.24698650530663208,
    0.3072885224513133,
    0.38165424840421247,
    0.45323827500390734,
    0.30483981283798467,
    0.4386382812253944,
    0.2829110893032385,
    0.35390282150352986,
    0.4131735776262613,
    0.3186863740457463,
    0.41843448712503106,
    0.3987557814785808,
    0.34963566407305163,
    0.3559680987841251,
    0.3088286491216515,
    0.5327538714004767,
    0.4022380682002782,
    0.39973319233741406,
    0.4163357358071807,
    0.49914192536130186,
    0.4456338955275306,
    0.39266470895675826,
    0.4108673834235872,
    0.4269944477360323,
    0.38899884532822904,
    0.4638572877012372,
    0.4189255131595517,
    0.3977417015055857,
    0.4070724081317302,
    0.46645196186922194,
    0.45485761598800767,
    0.4421049543772276,
    0.3161316557355957,
    0.38656347129069196,
    0.44308052683197413,
    0.42890620422989045,
    0.34643724767957657,
    0.4088788417303025,
    0.2950506377456022,
    0.3619915949544675,
    0.3688020699676527,
    0.2470961122714448,
    0.22549387217634434,
    0.22864856009288345,
    0.3191711919198817,
    0.24411939349110268,
    0.29711648236944255,
    0.22372769486781538,
    0.24864486768919603,
    0.2176836034512693,
    0.3169215651460513,
    0.25283048239442946,
    0.25433948169157794,
    0.23930239800685144,
    0.20382066591946724,
    0.24093258441358814,
    0.23041966062605007,
    0.22277365542147312,
    0.2291637007372011,
    0.2567961617497592,
    0.22398077859319498,
    0.311423394785146,
    0.2590468284771068,
    0.3680780861244019,
    0.2183154078335076,
    0.24075808183227962,
    0.28012575290501746,
    0.36754219805670374,
    0.27402134177488824,
    0.29296504880383395,
    0.3864577387221521,
    0.2291268510412685,
    0.2648516197599999,
    0.3047490795694897,
    0.39890432413800025,
    0.39110559061671857,
    0.37047925208100385,
    0.39595179136758296,
    0.2547110322256922,
    0.3241759342442449,
    0.41231660642143314,
    0.44852397369607383,
    0.35879990072417606,
    0.3997880997667002,
    0.45583473456641843,
    0.3943718792573214,
    0.397591920467098,
    0.42209944216003903,
    0.38821206190499813,
    0.4369661954517517,
    0.37577048812138153,
    0.47714265609607354,
    0.4651053187809236,
    0.4021231828925447,
    0.3271164001487542,
    0.45932107327454663,
    0.33351459438790704,
    0.3017570664629488,
    0.2504267928103245,
    0.36287327752610454,
    0.44668094148997384,
    0.3697215817732631,
    0.23446904596348986,
    0.3853008474962548,
    0.4257770127786329,
    0.41882895357742383,
    0.24091930414121357,
    0.3792947789656121,
    0.37413524019400346,
    0.34444838985394305,
    0.24968316602999913,
    0.2892277926871673,
    0.2963786141269371,
    0.25503017081728063,
    0.20753506944242925,
    0.2480654744079633,
    0.25531327669992954,
    0.1879727200652285,
    0.30340326255132,
    0.25217021119070093,
    0.24732168842972654,
    0.24077396168308834,
    0.27032650349693366,
    0.23669055455837093,
    0.2202113804032319,
    0.22131350531841,
    0.30157363187974634,
    0.23676845309226296,
    0.21764177741071652,
    0.2746149865854716,
    0.32269352739829665,
    0.27173991790353436,
    0.22984263751082912,
    0.2948945677316471,
    0.3196058443764866,
    0.2799189333819126,
    0.260475409124731,
    0.25607404040091974,
    0.41895633023413514,
    0.28031830443962674,
    0.25146152441561476,
    0.33861432480060816,
    0.3883950510442198,
    0.33116322861716924,
    0.45155481669736075
  ],