{
  "phases": [
    0.0,
    0.43332312463307493,
    0.8666462492661499,
    1.2999693738992246,
    1.7332924985322997,
    2.1666156231653746,
    2.5999387477984492,
    3.0332618724315243,
    3.4665849970645994,
    3.8999081216976745,
    4.333231246330749,
    4.766554370963823,
    5.1998774955968985,
    5.633200620229974,
    6.066523744863049,
    6.499846869496124,
    6.933169994129199,
    7.366493118762273,
    7.799816243395349,
    8.233139368028423,
    8.666462492661498,
    9.099785617294573,
    9.533108741927647,
    9.966431866560724,
    10.399754991193797,
    10.833078115826872,
    11.266401240459947,
    11.699724365093022,
    12.133047489726097,
    12.566370614359172
  ],
  "xc": [
    0.23447381201912015,
    0.20692937590411242,
    0.371514500974711,
    0.22419187048186298,
    0.2713738308603888,
    0.4054700694940486,
    0.3647845679757816,
    0.27040274305094997,
    0.25624221927503077,
    0.26399878932071713,
    0.5023568139376963,
    0.45418412230793587,
    0.3792542434159734,
    0.28957360632848045,
    0.4321925706544,
    0.5019937168530216,
    0.4658677298126481,
    0.646053295826663,
    0.4208164586650458,
    0.4329000186014412,
    0.5563559666874643,
    0.509886694641745,
    0.5229655363051143,
    0.5278527960355802,
    0.5338433407009547,
    0.6107488749911983,
    0.510286925456302,
    0.40424788268102985,
    0.5384890422677179,
    0.6339338006455527,
    0.6297820710252462,
    0.6088165492300698,
    0.577051620857363,
    0.583948214143985,
    0.5852442936966468,
    0.6335371665082692,
    0.4435534777419569,
    0.5040112192305451,
    0.5932568130022148,
    0.5467053372948016,
    0.6046955240293087,
    0.5799443012074961,
    0.5521869829655349,
    0.654773572701621,
    0.5281192954537605,
    0.5173276595744681,
    0.6566901182008772,
    0.6516361189365512,
    0.563690486896775,
    0.38072881131018577,
    0.5587482873779757,
    0.5609239235073816,
    0.5386611665187196,
    0.47529893887770225,
    0.6766509123967667,
    0.5989416930345233,
    0.6462543906223154,
    0.5834928095198585,
    0.6681869981461934,
    0.44040228569089446,
    0.3327200044187299,
    0.2995498892318623,
    0.43791161350688385,
    0.30069154839086504,
    0.3089140729941731,
    0.563255922733324,
    0.3570666834695996,
    0.5185826395790809,
    0.457409357192044,
    0.5040214205300364,
    0.34754808147022864,
    0.3246562585592988,
    0.20058435114292208,
    0.35527796269787654,
    0.40364175153782433,
    0.3558323000341438,
    0.341890430047396,
    0.35521013308292665,
    0.2389005199290461,
    0.3641628163433798,
    0.2763892629396188,
    0.18187278639630497,
    0.29316941487186077,
    0.18623405682590707,
    0.26734008321155933,
    0.225,
    0.25470167312109965,
    0.4919726548544913,
    0.22503656052507878,
    0.1630983320110098,
    0.16945667689459668,
    0.19835962406898985,
    0.15546099824901624,
    0.2650350650242567,
    0.20559340190504458,
    0.11941466298100771,
    0.13642505935886626,
    0.18058478601786404,
    0.11179559272202483,
    0.2476125889557546,
    0.1891453402490207,
    0.14415769594729744,
    0.1352988673904833,
    0.156489026930178,
    0.14941791483113068,
    0.14579136983770097,
    0.22769787919896717,
    0.15429441564906732,
    0.1517484489887738,
    0.11968241531966343,
    0.13614051377621467,
    0.16359269636973858,
    0.17340646717592326,
    0.2042213908508958,
    0.20173592845870594,
    0.12553922491755606,
    0.1473533954228483,
    0.1060432847592368,
    0.1590660160172697,
    0.13973160514127925,
    0.17366099944359029,
    0.15991346646882387,
    0.15806798702556482,
    0.1342459116784446,
    0.1749347144083986,
    0.28420784636186297,
    0.18545115129854442,
    0.2643505653006973,
    0.17458713781655333,
    0.1648337284399527,
    0.1399669541215679,
    0.2439638045166272,
    0.3003281153872445,
    0.1403379423428033,
    0.28167616228634856,
    0.2592523765455965,
    0.31400323960072696,
    0.183333426353301,
    0.20105887401456365,
    0.16688199037124407,
    0.19281757994983809,
    0.24176252274318472,
    0.2869219165760971,
    0.23234509035904427,
    0.2691158591180268,
    0.19300121642855642,
    0.4279456132929122,
    0.548957461912591,
    0.32608638607706447,
    0.31580684328613684,
    0.38505888292166923,
    0.34315327724266836,
    0.4758420830200278,
    0.5094842696906605,
    0.3288509392164598,
    0.27140180396017566,
    0.45252952218831016,
    0.3777952211764529,
    0.3717881495796599,
    0.5180018620583995,
    0.5904356819069619,
    0.6761025289425007,
    0.4480000642313184,
    0.3561082546328005,
    0.5454418236013276,
    0.41894096640570144,
    0.5275490834638553,
    0.5590674402371908,
    0.5321473418750423,
    0.5188174087652312,
    0.5732724587151458,
    0.5982781330374913,
    0.43497917629531707,
    0.578629310036894,
    0.6375441864973064,
    0.6935751710899134,
    0.6140191289442274,
    0.43521421758220413,
    0.5717288141247509,
    0.6535643270972525,
    0.5109603207026862,
    0.641836305770732,
    0.523365584980477,
    0.5807291462551176,
    0.5460846746216571,
    0.6013343556219146,
    0.6334973247673681,
    0.5304364506880884,
    0.585565875603236,
    0.6165005917113441,
    0.5864030170217103,
    0.5196756874364077,
    0.6258802829252824,
    0.5948324070797688,
    0.5313102809418184,
    0.5185530233387758,
    0.5565251228040681,
    0.6903825779193615,
    0.5309451931236014,
    0.47109563745285893,
    0.5930130018848763,
    0.344940457671116,
    0.4762538468997688,
    0.3625363791721118,
    0.36293513945165773,
    0.563259883052947,
    0.538607825401094,
    0.5901835594573025,
    0.5244894608793007,
    0.3354533641006531,
    0.21400279499988417,
    0.4415049391131685,
    0.29258358847171523,
    0.38080951908967176,
    0.2951395175969428,
    0.4471266346743746,
    0.2282271785502024,
    0.23047405615445576,
    0.2820193060615322,
    0.26691787963122593,
    0.30470457808377965,
    0.46681009854832106,
    0.30735777722553703,
    0.2963862119436909,
    0.18250281834020424,
    0.17906487919385214,
    0.3113062721082896,
    0.2837941180880845,
    0.35300397610232476,
    0.269097993411336,
    0.24831026807881715,
    0.17123786599946159,
    0.22661908260732655,
    0.2756312835393919,
    0.15898619232176595,
    0.3336240978600611,
    0.2175832637835395,
    0.10930315705509605,
    0.19074617978876088,
    0.2022035610217312,
    0.1518324718876101,
    0.14417051550532145,
    0.11315901170468712,
    0.1500159003799354,
    0.1394196588208073,
    0.1083453172458712,
    0.13954278238554885,
    0.19391629886594933,
    0.17037386957216216,
    0.16187441980543912,
    0.13477926100234452,
    0.15110177283517282,
    0.1251598226784881,
    0.15552429601507342,
    0.18263053811349544,
    0.0945220089303491,
    0.1514610356645676,
    0.11389071613384204,
    0.15389273879329768,
    0.11574745007108056,
    0.12382827963166548,
    0.1272933989765397,
    0.1375235852514501,
    0.21533623271118668,
    0.12813114662624328,
    0.1975720866066111,
    0.15815893454869095,
    0.13197358356154784,
    0.1647182167761997,
    0.12920206636858325,
    0.19026418663159175,
    0.25634338948112667,
    0.3615724709744671,
    0.40087476214458134,
    0.1539572683573298,
    0.4140706719802999,
    0.18516339950921668,
    0.14470499042349436,
    0.2833233357682242,
    0.4048997846109456,
    0.42887580783510015,
    0.39385074015441013,
    0.3137224412212837,
    0.3339102922471858,
    0.40983516904196793,
    0.26913679634984417,
    0.2164309611622617,
    0.4210125470514429,
    0.5195900669008856,
    0.5572719885517866,
    0.23711111034324683,
    0.37466713331405876,
    0.37442269879738443,
    0.42653873619277693,
    0.43898155472552114,
    0.20005697524742028,
    0.21330255118052094,
    0.31887405865866203,
    0.415695003493412,
