{
  "phases": [
    0.0,
    0.6613879270715354,
    1.3227758541430708,
    1.984163781214606,
    2.6455517082861415,
    3.306939635357677,
    3.968327562429212,
    4.6297154895007475,
    5.291103416572283,
    5.9524913436438185,
    6.613879270715354,
    7.2752671977868895,
    7.936655124858424,
    8.59804305192996,
    9.259430979001495,
    9.92081890607303,
    10.582206833144566,
    11.2435947602161,
    11.904982687287637,
    12.566370614359172
  ],
  "xc": [
    0.3485673746588067,
    0.3239562335647745,
    0.3126758861482007,
    0.33102765993164474,
    0.3306362869404673,
    0.420311777339914,
    0.3298824262244024,
    0.3405372204253983,
    0.31871825280648913,
    0.3364407819533334,
    0.3483977334358145,
    0.3441102813100391,
    0.31604948080116313,
    0.3116817149582154,
    0.32537540609323984,
    0.34838737097944644,
    0.3727765833831216,
    0.31639027153899074,
    0.3540321969177557,
    0.3259369970108071,
    0.3527288513019221,
    0.31943234957060374,
    0.3409987307537188,
    0.3843439796095217,
    0.33258097739998826,
    0.3894825167490462,
    0.4133579543276296,
    0.33627722843632324,
    0.3313473521508419,
    0.31886763650796074,
    0.3633205344897073,
    0.3828251196059619,
    0.48290989416875896,
    0.5112937951356575,
    0.5251281898746937,
    0.4132523382177059,
    0.4229985902790547,
    0.3619427788010137,
    0.48335410210073393,
    0.4835657448303989,
    0.5073294173634245,
    0.4904343996299059,
    0.5180108424523431,
    0.5358207317114998,
    0.5269423247802959,
    0.48823057009033455,
    0.5148633573151099,
    0.4736454334072352,
    0.49548156740194665,
    0.5320281249223583,
    0.5160596759028815,
    0.5258423075466355,
    0.5132971506105835,
    0.49321942990760154,
    0.4671595806305819,
    0.5188272309972771,
    0.3331797082170234,
    0.5146265231705781,
    0.4582854032291196,
    0.4492530946025685,
    0.5068430242533736,
    0.5338676717001208,
    0.5048132576308049,
    0.4941264520101733,
    0.5080633806122161,
    0.49108191323560346,
    0.33952388092025254,
    0.3204160462937556,
    0.4569667525094566,
    0.32450063359968273,
    0.4510386820042286,
    0.44265364989285994,
    0.3158889629076055,
    0.3473323590714166,
    0.36611071416636565,
    0.3202390152571406,
    0.36120142033423464,
    0.3172664351536247,
    0.3658351054581444,
    0.49688330640537864,
    0.33726662180069794,
    0.32116715815613844,
    0.3675817204658744,
    0.33641748665981297,
    0.31222175837020955,
    0.35133557578155916,
    0.3409635660307953,
    0.309147453359019,
    0.34922592867949126,
    0.4669447789974227,
    0.3675447796750358,
    0.41405145743345423,
    0.31860859984868506,
    0.41536816758007067,
    0.3530563705726502,
    0.3224838630770229,
    0.32577843282912805,
    0.40648784513436226,
    0.3998692843743899,
    0.459655488080907,
    0.375827697566828,
    0.41488801030480277,
    0.4074976446974972,
    0.41279021584459047,
    0.4172209279021995,
    0.4267181629904745,
    0.3736951364638101,
    0.39078466448740057,
    0.509069085995036,
    0.5060526629333969,
    0.37874215218100066,
    0.5150510417888932,
    0.48125987903878975,
    0.4259106169481797,
    0.5269447793749069,
    0.4209344567523745,
    0.5267913814157978,
    0.5279483639531277,
    0.33511328830199394,
    0.5210352279257016,
    0.4025533477336103,
    0.48993757994126863,
    0.39277041353192577,
    0.4996077872067318,
    0.5112547425880659,
    0.5137700796106426,
    0.40558383520832003,
    0.47085193477469217,
    0.4999320144729709,
    0.4909986292679807,
    0.5233231367552418,
    0.49122629806840334,
    0.5016100461008645,
    0.43077431474108513,
    0.46890518782319224,
    0.4119214487536576,
    0.3985863532048887,
    0.4065941723425696,
    0.40130904780083987,
    0.46757706073107014,
    0.4648354273782601,
    0.3538307667208126,
    0.36674471830985916,
    0.40923544979756676,
    0.32772170002397427,
    0.3461317920135783,
    0.3143834515949437,
    0.31726432794081205,
    0.40501173546872843,
    0.4542348859475431,
    0.36237821556468264,
    0.36983953452283186,
    0.3284210266474124,
    0.3373760462536556,
    0.3398135481061658,
    0.3331163270606237,
    0.4356498618810069,
    0.4091653871123981,
    0.37744231526968947,
    0.397051006813334
  ],