{
  "phases": [
    0.0,
    0.6613879270715354,
    1.3227758541430708,
    1.984163781214606,
    2.6455517082861415,
    3.306939635357677,
    3.968327562429212,
    4.6297154895007475,
    5.291103416572283,
    5.9524913436438185,
    6.613879270715354,
    7.2752671977868895,
    7.936655124858424,
    8.59804305192996,
    9.259430979001495,
    9.92081890607303,
    10.582206833144566,
    11.2435947602161,
    11.904982687287637,
    12.566370614359172
  ],
  "xc": [
    0.18009483171878932,
    0.22160392564715636,
    0.28552917134526995,
    0.18348659907254578,
    0.22875801548094069,
    0.23617862430021044,
    0.19079583061918978,
    0.17395228287783768,
    0.19486575616001117,
    0.19130548588568227,
    0.32431169831164197,
    0.27185371024983884,
    0.5766731396074624,
    0.22682792152154216,
    0.572435240484857,
    0.5831346714270628,
    0.5909359672031371,
    0.540126601114914,
    0.7351827378896414,
    0.7254502343455039,
    0.7230849621415227,
    0.4311861533657492,
    0.4487897667378436,
    0.580045924028396,
    0.6383335769839817,
    0.7183144702839267,
    0.5540179451889207,
    0.7399969029535661,
    0.7155725471898001,
    0.6431217638177985,
    0.6725096768176094,
    0.6840269661137305,
    0.666608187461239,
    0.7329052242441543,
    0.7419380776137441,
    0.6374766902146543,
    0.7374242999585648,
    0.6654623900623474,
    0.6516868342074732,
    0.5813829021264341,
    0.2965646837473891,
    0.4370919919363207,
    0.5935911457095048,
    0.40129509914076195,
    0.466375730770588,
    0.40712022811891363,
    0.31911949441996446,
    0.5084194839179056,
    0.3755976239639546,
    0.39518403821110903,
    0.1994626529990693,
    0.18745970272431076,
    0.20821117312828633,
    0.24001997392293395,
    0.3746291196588789,
    0.41238504384792196,
    0.20762996215009577,
    0.21312445653397608,
    0.1785568187870334,
    0.22174807131725705,
    0.21877434923708874,
    0.2731552914414692,
    0.22903104950124104,
    0.167357421586821,
    0.39981033072869343,
    0.17211732133061886,
    0.21612372201086807,
    0.19705780727431563,
    0.3770275115456448,
    0.16942448649703185,
    0.18079497347945542,
    0.19828463645616626,
    0.3033080156763859,
    0.23822331848723055,
    0.3100301367745924,
    0.3619618844712634,
    0.18161512557631107,
    0.4005605851065022,
    0.3622340291812356,
    0.32109273220781354,
    0.1902686339085214,
    0.36036188574004535,
    0.40412041815382665,
    0.31774144114846414,
    0.47245974641739147,
    0.4454488785415255,
    0.6018516361399863,
    0.4403327861530254,
    0.628691059856996,
    0.7295458495209585,
    0.57409739855155,
    0.5984988667530423,
    0.5545652427677793,
    0.7120486252081458,
    0.5151267301916408,
    0.7250410448346224,
    0.729947256036355,
    0.6449285506733189,
    0.5890444725860643,
    0.7432609201775167,
    0.7303953609105348,
    0.6986893799949564,
    0.618861449729455,
    0.7347467894909222,
    0.7304670496468495,
    0.6981631011519887,
    0.6894465187036856,
    0.6645082902762607,
    0.7293051394198207,
    0.7012698743404793,
    0.5839803331538558,
    0.7287857742019861,
    0.6298617525933257,
    0.37463105583627154,
    0.5854641610186897,
    0.6814514969784438,
    0.35386575521715613,
    0.4292671783625731,
    0.6820521415434285,
    0.5119136968056418,
    0.3612550274916697,
    0.29438463516338553,
    0.3736732870679357,
    0.2417353528487063,
    0.4754148448836241,
    0.26821641571501165,
    0.2875098055542165,
    0.39120528385096087,
    0.18604891337400842,
    0.34739548171033857,
    0.20264307103167614,
    0.2390727370186872,
    0.18168031742803692,
    0.377230938990131,
    0.288533846579188,
    0.2502393223130977,
    0.21021847842232272,
    0.169142568325381,
    0.17972479235008493,
    0.18049386879247312,
    0.20766209185349074,
    0.17994693849967192,
    0.18212749366150613,
    0.3119457357554223,
    0.3808791087522552,
    0.167085020376222,
    0.21822723543802042,
    0.24635608767224162,
    0.20159211699327031,
    0.2952800627788418,
    0.44223266576381853,
    0.23401672120848938,
    0.3182757544824317,
    0.18615289920637518,
    0.4236819258178052,
    0.41312442461817966,
    0.4625432720276941,
    0.5226351129882657,
    0.3084221094692299,
    0.4706419212835107
  ],