{
  "phases": [
    0.0,
    0.6613879270715354,
    1.3227758541430708,
    1.984163781214606,
    2.6455517082861415,
    3.306939635357677,
    3.968327562429212,
    4.6297154895007475,
    5.291103416572283,
    5.9524913436438185,
    6.613879270715354,
    7.2752671977868895,
    7.936655124858424,
    8.59804305192996,
    9.259430979001495,
    9.92081890607303,
    10.582206833144566,
    11.2435947602161,
    11.904982687287637,
    12.566370614359172
  ],
  "xc": [
    0.4745822594337944,
    0.42258689067232924,
    0.46938464042977496,
    0.3800194069849018,
    0.43705871174283584,
    0.47585963029800515,
    0.3842340043524133,
    0.3733786496830613,
    0.4026283893492297,
    0.37809720259113677,
    0.38609952108848783,
    0.42763335273559255,
    0.38697207230360664,
    0.4468051430309655,
    0.37522238395600843,
    0.3981469754875302,
    0.39771493018523285,
    0.47800120409391933,
    0.4118693495124865,
    0.40960937349655946,
    0.3803472698532105,
    0.380948010942976,
    0.3765518058724186,
    0.38153909221344146,
    0.39285381074114256,
    0.3779841492413039,
    0.3789285475741524,
    0.40402012125404246,
    0.40396096687646504,
    0.390056660514462,
    0.38842783898659866,
    0.4321876423183987,
    0.48347597423941757,
    0.4222649468948911,
    0.4406307533495802,
    0.40257645495260114,
    0.4718952971626703,
    0.48365669757942165,
    0.446696309069673,
    0.4294281648050291,
    0.4802378295188684,
    0.4765256478575799,
    0.4354180935184609,
    0.48253460033976137,
    0.45017215600387483,
    0.4840261887822793,
    0.46636195194857044,
    0.46972220303558226,
    0.47018580096756357,
    0.43668213375427944,
    0.4852343196029137,
    0.4701112199040948,
    0.4815477565310414,
    0.4543753503664012,
    0.49107714060255747,
    0.46962059959028263,
    0.47183799933606285,
    0.48488039514578274,
    0.4723392473641282,
    0.4905118417128062,
    0.4867646560686638,
    0.48264525463536456,
    0.4811445390671031,
    0.45806346607690795,
    0.4909964292656974,
    0.4649214837697505,
    0.40604701875604887,
    0.4841625760054946,
    0.4779255870908327,
    0.43471175641732523,
    0.4207719343026281,
    0.479221377148016,
    0.47093695546757186,
    0.4209657666502208,
    0.38169754386652427,
    0.4210133442958139,
    0.3686870430517306,
    0.3714416088631248,
    0.42370249130312654,
    0.4050530276002984,
    0.39311341186948423,
    0.40005365475084076,
    0.3835818173404362,
    0.4359387884100646,
    0.4143629403548704,
    0.3933831021337296,
    0.39557340191468143,
    0.4027610180012415,
    0.37858439460517834,
    0.38274382198080936,
    0.3793866574558374,
    0.3947493798582089,
    0.4382761555131161,
    0.4426284559965075,
    0.38709661402798845,
    0.37999532279586756,
    0.40354272810937486,
    0.3780408755593179,
    0.38174577352056954,
    0.4304540107129277,
    0.4038503394309996,
    0.43786214148446284,
    0.4384197641327716,
    0.3730627448055456,
    0.3848077532146703,
    0.4072394145334835,
    0.48430534940984593,
    0.45265344610539116,
    0.4439709521641998,
    0.4536493113522538,
    0.4546741746537532,
    0.4195953037900392,
    0.4245808521642812,
    0.4908351880447837,
    0.49007154382888424,
    0.44809033654510866,
    0.4712795512156199,
    0.46832759800470064,
    0.46726679303372315,
    0.4877609897548752,
    0.4797362779360371,
    0.45004547622480784,
    0.4866538070215633,
    0.48837706121904,
    0.46889109351906216,
    0.483291831066798,
    0.48381754273544547,
    0.4909360786809695,
    0.37772625344575583,
    0.4452979388388086,
    0.48900227703532384,
    0.438095645113039,
    0.49634303677860153,
    0.48960990080956046,
    0.4773100236986579,
    0.4898505614405007,
    0.4443362854708358,
    0.4890286219867387,
    0.4661966251309384,
    0.44784366607939075,
    0.4757852804177244,
    0.4690899034472808,
    0.4598773184719506,
    0.39369285216849803,
    0.37763066653549826,
    0.4010424878057063,
    0.44114035235282384,
    0.3735869825992464,
    0.45139217692789396,
    0.4235457588580812,
    0.40630589918846144,
    0.38946330112802874,
    0.40491734471476465,
    0.3800486063455807,
    0.38645373541468386,
    0.3722915314420984,
    0.3990335003499893,
    0.37459854310405966,
    0.37891532900137476,
    0.394389055206194
  ],