{
  "phases": [
    0.0,
    0.6613879270715354,
    1.3227758541430708,
    1.984163781214606,
    2.6455517082861415,
    3.306939635357677,
    3.968327562429212,
    4.6297154895007475,
    5.291103416572283,
    5.9524913436438185,
    6.613879270715354,
    7.2752671977868895,
    7.936655124858424,
    8.59804305192996,
    9.259430979001495,
    9.92081890607303,
    10.582206833144566,
    11.2435947602161,
    11.904982687287637,
    12.566370614359172
  ],
  "xc": [
    0.26869847135312264,
    0.4125649023848201,
    0.346815217150752,
    0.2503737042332447,
    0.20473685972649605,
    0.2412780403862932,
    0.2679015646523351,
    0.37693707892791534,
    0.4054600973473939,
    0.2772417577392656,
    0.38520104268073985,
    0.3882684154319369,
    0.359065641545319,
    0.3644534377593059,
    0.38169663182073194,
    0.3524533556663103,
    0.3479020420677453,
    0.37680588742419224,
    0.5210499040712456,
    0.3672887070983291,
    0.277049036252314,
    0.3622599530233821,
    0.46507448066829304,
    0.323765570285328,
    0.5037483820948064,
    0.4107755964433489,
    0.4087663431389768,
    0.4431080147900805,
    0.43193086002094694,
    0.4068069979581944,
    0.3994807027022971,
    0.2895530014325122,
    0.4082575436356505,
    0.4532056385450682,
    0.3822373364256646,
    0.39492258215033504,
    0.2768476711625956,
    0.3989644963361668,
    0.4815273950676952,
    0.35484593588203006,
    0.17196634406227645,
    0.28964606934619097,
    0.1954033814679865,
    0.3316616084643356,
    0.2803915312630806,
    0.220583475324136,
    0.37495427460630815,
    0.37292599957751504,
    0.1735137610709901,
    0.22020332509548415,
    0.27946862353882745,
    0.220476748945389,
    0.22428273100540583,
    0.21358370881552588,
    0.2123812860593146,
    0.20028382519855809,
    0.2078951612569732,
    0.23986244328893125,
    0.41921581993964246,
    0.22911045269758148,
    0.18342843659446875,
    0.2087631745273851,
    0.19216721570485093,
    0.19808867313141942,
    0.18259851514233325,
    0.2181705069568413,
    0.23968912076926205,
    0.19920999021162836,
    0.20376084359254065,
    0.1812272456083187,
    0.20618081891090925,
    0.316533998343278,
    0.38494665210702833,
    0.2502886967777982,
    0.23283291436043693,
    0.19172697883574208,
    0.20633591524717698,
    0.3522355248967781,
    0.24934393347257636,
    0.393538931652675,
    0.4486855735966125,
    0.3752965929086473,
    0.4463162443285287,
    0.31705556605584734,
    0.3480493449445013,
    0.4212338012958963,
    0.3470370629860576,
    0.32409800653872284,
    0.42473785994358,
    0.36502768844748845,
    0.3226703084832905,
    0.4619846344830506,
    0.4451831164387144,
    0.42684342088254135,
    0.41845045843273776,
    0.40947984136463167,
    0.4523199994936917,
    0.4574656425340485,
    0.4359554018930714,
    0.4180881400588698,
    0.4868691783133097,
    0.3848866714096837,
    0.44637128336291576,
    0.41200877438625966,
    0.4082532672245329,
    0.4380079265947743,
    0.353875609028691,
    0.505786888948914,
    0.5041132347441126,
    0.46407075353048977,
    0.32835945362235264,
    0.42454303377791763,
    0.2541847489150651,
    0.25732915109261745,
    0.36467877891297984,
    0.41454043714698385,
    0.3273209549071618,
    0.44735468373023174,
    0.41956598350706004,
    0.41387614661252076,
    0.21438271090304556,
    0.19771237478818934,
    0.25651108483636,
    0.23506682274759202,
    0.37529697903069803,
    0.38163441055160224,
    0.34453317076249723,
    0.2212123381873402,
    0.20144891817963298,
    0.24860089907474586,
    0.2158466798369989,
    0.2059337578977639,
    0.22567891869023218,
    0.23268771075138833,
    0.22384980400247576,
    0.2508884807405807,
    0.22508441962685583,
    0.215989772422269,
    0.17652047389036535,
    0.19627453961719074,
    0.24793960290796452,
    0.20350941347405974,
    0.2209967662668249,
    0.22291787852991038,
    0.3403203659816613,
    0.1843345397277284,
    0.2446951484386149,
    0.35588643030311146,
    0.2839787894209775,
    0.3074376346249879,
    0.31262803869370404,
    0.2862394531295336,
    0.4337255430743748,
    0.43515097081138776,
    0.3486898448921685,
    0.3050650734728337,
    0.4330836302648848,
    0.38508726238962765,
    0.3762020720941248,
    0.2766216713368164
  ],