{
  "phases": [
    0.0,
    0.43332312463307493,
    0.8666462492661499,
    1.2999693738992246,
    1.7332924985322997,
    2.1666156231653746,
    2.5999387477984492,
    3.0332618724315243,
    3.4665849970645994,
    3.8999081216976745,
    4.333231246330749,
    4.766554370963823,
    5.1998774955968985,
    5.633200620229974,
    6.066523744863049,
    6.499846869496124,
    6.933169994129199,
    7.366493118762273,
    7.799816243395349,
    8.233139368028423,
    8.666462492661498,
    9.099785617294573,
    9.533108741927647,
    9.966431866560724,
    10.399754991193797,
    10.833078115826872,
    11.266401240459947,
    11.699724365093022,
    12.133047489726097,
    12.566370614359172
  ],
  "xc": [
    0.6613614678899082,
    0.642906585779131,
    0.5448995569385124,
    0.5352489044157253,
    0.591037763239393,
    0.6471891753893285,
    0.6521272735877333,
    0.5498601955105901,
    0.5492904206791688,
    0.4004756344229726,
    0.6320107030947435,
    0.4588483776315479,
    0.6653409568554274,
    0.6001179425205794,
    0.6553683830013841,
    0.6675450370804134,
    0.6685185162643438,
    0.6661490255615727,
    0.6592379399633337,
    0.6511635503334096,
    0.6718977904051828,
    0.6708331634109539,
    0.6617303657139051,
    0.6059639793357493,
    0.6730079296450978,
    0.6515701004518896,
    0.652243220404087,
    0.6521612168153724,
    0.6496023779973369,
    0.6413202801038332,
    0.663313344778393,
    0.6639803629609584,
    0.6360111693218443,
    0.534343789818579,
    0.5835644682567087,
    0.42633266349696813,
    0.6642398738034273,
    0.6652586170706442,
    0.49466660526577294,
    0.6442006116922837,
    0.42099139127361235,
    0.6537975289240796,
    0.5988981399876434,
    0.5898941100831678,
    0.30302792871053275,
    0.6642932279803073,
    0.6298289583608143,
    0.29197557429485316,
    0.3599522772095849,
    0.488568766489607,
    0.3233379004215498,
    0.5660524696430093,
    0.3606955234400876,
    0.3516547782226919,
    0.4483308639440107,
    0.5411119607498563,
    0.5462639980822199,
    0.2354941215052264,
    0.3739435146802171,
    0.4454356551658269,
    0.3986239123051518,
    0.3432108958947152,
    0.30416183186908036,
    0.3311456048787703,
    0.509970541847216,
    0.66204357812403,
    0.513653027512395,
    0.22986187848582643,
    0.2706459637516744,
    0.2979099517551317,
    0.27414998537569774,
    0.40341163018810977,
    0.2685620317835789,
    0.25289603133189886,
    0.2311986590912453,
    0.24787819638711914,
    0.24277785579523875,
    0.23439413920789198,
    0.22628726937048182,
    0.22260177194146186,
    0.21892040201899357,
    0.25170927005939836,
    0.25263288474202134,
    0.24249857208312672,
    0.23741187199663272,
    0.2386932727119643,
    0.25956262046974277,
    0.40119118581370306,
    0.3322044287429958,
    0.3020308663670669,
    0.2572734899328859,
    0.23766230165057226,
    0.29441988012197134,
    0.22435338981126618,
    0.2423703540952165,
    0.27164847648619606,
    0.22998902526428955,
    0.22127401250973613,
    0.26095969523878343,
    0.21514458786871318,
    0.45263480558776054,
    0.33159062122355837,
    0.23245551381131285,
    0.38301240607228054,
    0.46331890638896345,
    0.2897552271141341,
    0.34641068845854595,
    0.4451686690401156,
    0.46422128543129754,
    0.37421592476605897,
    0.4844449477313318,
    0.5346646408680898,
    0.39145033120133166,
    0.39476129673836174,
    0.39451141042971816,
    0.4958719558686688,
    0.6635618109762298,
    0.5260564509227486,
    0.39861199430671895,
    0.3722693356507147,
    0.40894008654000086,
    0.6478013089843682,
    0.5568808171580871,
    0.3993030261945414,
    0.5048025766432065,
    0.3447255866466053,
    0.29255802867939196,
    0.3002545027647643,
    0.4017697744797041,
    0.258153915360002,
    0.5370011722788125,
    0.6524943590444481,
    0.5133250299604216,
    0.646122490147553,
    0.41531099353321577,
    0.6331124885124066,
    0.49629554345966265,
    0.6451608364235946,
    0.4861935222437697,
    0.4641172238291379,
    0.6224076266885769,
    0.6257203327426565,
    0.3422318695385985,
    0.6429923581112763,
    0.6587714392585309,
    0.4322441089625161,
    0.6677507501138039,
    0.3160319241979033,
    0.6415805452225766,
    0.5438432528120155,
    0.642418570975634,
    0.653217695381219,
    0.6524977884804404,
    0.6632848438208894,
    0.661140792455766,
    0.6517229022462798,
    0.6371883878999629,
    0.5966089012212062,
    0.6489496287309315,
    0.6293196648519248,
    0.5818989522066167,
    0.528689319767962,
    0.5750766239086337,
    0.533442960433822,
    0.5554672135052184,
    0.36352241759407644,
    0.6008276744229792,
    0.6470877218922564,
    0.6000689371681962,
    0.270398790199887,
    0.5148821829752517,
    0.5998477916821614,
    0.6173717000799981,
    0.6151197051210173,
    0.6147575110636407,
    0.4704711105304547,
    0.3948781534646383,
    0.5304498258558945,
    0.5221258595024182,
    0.6411344148595045,
    0.6265607250755287,
    0.49426657076159836,
    0.25480501929835264,
    0.2757398953148639,
    0.30627514535814726,
    0.23683800042837322,
    0.3253985866682341,
    0.48891591960712943,
    0.2504012727677399,
    0.38294262932025164,
    0.3459478070147474,
    0.33622529060401624,
    0.3857684683663922,
    0.41539843533478876,
    0.3367950852745779,
    0.22050700666667453,
    0.47803877601922257,
    0.2589727803674448,
    0.4145447390796171,
    0.38143434419728844,
    0.4687518031874584,
    0.305902815656674,
    0.23069984762882664,
    0.22690177189059005,
    0.26495522968038804,
    0.23924879255033699,
    0.23148120137896486,
    0.23348442897512875,
    0.2771635468965919,
    0.3473387115626188,
    0.267879289997109,
    0.23648421367649258,
    0.23781850029317242,
    0.23037552128340189,
    0.26387625437496814,
    0.32144980832319436,
    0.3228360764580494,
    0.22099058307844224,
    0.24092556859208,
    0.23861967877904072,
    0.24429212046687745,
    0.4999713644068106,
    0.22466393623907338,
    0.35339356838947433,
    0.2498202727321944,
    0.26569176519394316,
    0.22673256701325956,
    0.25247919781478373,
    0.22251694325151072,
    0.22423956112741594,
    0.25867369668130435,
    0.24165122446287154,
    0.3495652239341277,
    0.23444195804852622,
    0.4059619466213699,
    0.3213340018764612,
    0.23425330068536132,
    0.22768714364019596,
    0.5508692531854739,
    0.29116807867273864,
    0.44539158483942887,
    0.4352386420552413,
    0.4828826852136968,
    0.5698842009920432,
    0.4160798334431007,
    0.4334196997638619,
    0.2621504158420882,
    0.23109652846733536,
    0.45918075050128904,
    0.561043493489111,
    0.6486955762350095,
    0.4992456341532152,
    0.5616400235374883,
    0.5146960373083804,
    0.4369824511981971,
    0.6268831154511942,
    0.5458193253247083,
    0.6392275423492881,
    0.5280411840294549,
    0.5167617799119876,
    0.6585564450776052,
    0.6271136690923294,
    0.6451755496947934,
    0.6314389620977141,
    0.4654065238060235,
    0.6519473478116811,
    0.5113376005589175,
    0.5090476786384682,
    0.6296225904429675,
    0.602439559940336,
    0.6481423114869116,
    0.6420556862081036,
    0.6342626464966014,
    0.658833318101053,
    0.6273781675599396,
    0.6519482527881041,
    0.5124414017500717,
    0.6418900457081675,
    0.6530349369583278,
    0.6399617028567723,
    0.6269473075259111,
    0.6485139193873292,
    0.6481154671168567,
    0.5731685019986497,
    0.6407219719016746,
    0.6215278228265241,
    0.5042672994292311,
    0.6535118980788226,
    0.6479447554384586,
    0.6552397610421133,
    0.6024507569474467,
    0.5988932928466022,
    0.6357200198685202,
    0.5800715210210192,
    0.47827057652329225,
    0.6106486856163766,
    0.6226348929919026,
    0.5422690057396136,
    0.5092626483415645,
    0.4590083310838544
  ],