{
  "phases": [
    0.0,
    0.6613879270715354,
    1.3227758541430708,
    1.984163781214606,
    2.6455517082861415,
    3.306939635357677,
    3.968327562429212,
    4.6297154895007475,
    5.291103416572283,
    5.9524913436438185,
    6.613879270715354,
    7.2752671977868895,
    7.936655124858424,
    8.59804305192996,
    9.259430979001495,
    9.92081890607303,
    10.582206833144566,
    11.2435947602161,
    11.904982687287637,
    12.566370614359172
  ],
  "xc": [
    0.15806809358825707,
    0.16727543071403175,
    0.12716839574335456,
    0.33230381253276287,
    0.1947297876729565,
    0.1735092992140249,
    0.19044090169178052,
    0.18776775672450355,
    0.14010362963668974,
    0.3722305943385824,
    0.3247386806215453,
    0.3394382831690724,
    0.16231379356389372,
    0.5767610406723706,
    0.16247850805738276,
    0.43395608643423206,
    0.6838765662131834,
    0.4730596547070615,
    0.600032377485506,
    0.4243098448738768,
    0.3110245482405379,
    0.483326967912579,
    0.3829770475634939,
    0.3765115227880347,
    0.7334946816640016,
    0.6228799867837022,
    0.4693196310199226,
    0.38483799524239193,
    0.6741333828553785,
    0.6806263402825954,
    0.7748433644488361,
    0.6293535238565777,
    0.7572619732780312,
    0.7489669966811364,
    0.5614894726584105,
    0.7224419927073197,
    0.766205879342273,
    0.7537755638577557,
    0.788244979667858,
    0.7965026833520956,
    0.7731460550450119,
    0.7821352889825022,
    0.728233608426248,
    0.5873044463044781,
    0.7962186377363352,
    0.7805664446232434,
    0.7623959565046022,
    0.5946892139335357,
    0.6409157241882525,
    0.6357178560010087,
    0.5101006040531052,
    0.4338202050836852,
    0.48646428256629426,
    0.4452168156239656,
    0.506248333543833,
    0.5407780485197045,
    0.2706981033544072,
    0.27872000993060075,
    0.42373224237888446,
    0.5562495028327485,
    0.31465250835871356,
    0.21343166601352423,
    0.37574285527148876,
    0.5091772188481631,
    0.25703845017062094,
    0.19838044189213094,
    0.26101135070844966,
    0.3702595514812764,
    0.1563719427194175,
    0.13565264434796376,
    0.33245407725232995,
    0.18830516593951693,
    0.17543830715361391,
    0.1428699273590836,
    0.26643029152933606,
    0.13293531242131013,
    0.1326829913601985,
    0.13504559194202131,
    0.12970282711913428,
    0.13342358848856245,
    0.20446247195188338,
    0.18309131658213976,
    0.396467953679723,
    0.21068516707306575,
    0.44782442824729435,
    0.18174146520681816,
    0.31975374486921887,
    0.19994022812200934,
    0.47457810878564805,
    0.585276846414612,
    0.5861459365843563,
    0.3798702247525449,
    0.2376622471464339,
    0.48687076511054533,
    0.41099069809446404,
    0.311794991655672,
    0.6604350272555581,
    0.7960069622444191,
    0.755569767971211,
    0.48687670228929114,
    0.4795454044068556,
    0.6863872309287296,
    0.546756275547308,
    0.6469738219659783,
    0.483737233809863,
    0.7877904589405947,
    0.7910599561879866,
    0.7781845929432178,
    0.7699964673072324,
    0.6278387273724629,
    0.7855737920961161,
    0.7901839728418353,
    0.6557897483474429,
    0.7609252682448918,
    0.6581560682271616,
    0.7796022502645853,
    0.7750919234639595,
    0.7288354424977059,
    0.6553226627830052,
    0.7720802831240607,
    0.48252968575739685,
    0.5884628974241644,
    0.721035402888624,
    0.6592478459329436,
    0.4668461981203813,
    0.6696306161181006,
    0.5156013836868762,
    0.47963250389749446,
    0.1440765109766107,
    0.6314569514379109,
    0.3206462930438908,
    0.5792118042378329,
    0.47001678964293875,
    0.4269487727439952,
    0.5223308926217127,
    0.3902357346215425,
    0.2566915438376833,
    0.17140450021033815,
    0.17655318788807425,
    0.13000629589806814,
    0.34192930557782836,
    0.2573693542473178,
    0.2578663860527289,
    0.5289597177300794,
    0.14355223441898324,
    0.1239609786346091,
    0.18996427782240285,
    0.17373624510762428,
    0.13263343680986245,
    0.18395199508676083,
    0.14298127636834743,
    0.13568839410682218,
    0.12647873643778768,
    0.19295746569087704,
    0.15276447837351773,
    0.16153868418767547,
    0.1328880650381211,
    0.24620528007602543,
    0.1397056150389491,
    0.12666039330510662
  ],