{
  "phases": [
    0.0,
    0.6613879270715354,
    1.3227758541430708,
    1.984163781214606,
    2.6455517082861415,
    3.306939635357677,
    3.968327562429212,
    4.6297154895007475,
    5.291103416572283,
    5.9524913436438185,
    6.613879270715354,
    7.2752671977868895,
    7.936655124858424,
    8.59804305192996,
    9.259430979001495,
    9.92081890607303,
    10.582206833144566,
    11.2435947602161,
    11.904982687287637,
    12.566370614359172
  ],
  "xc": [
    0.5343624151769933,
    0.3915720307920487,
    0.5252228126643298,
    0.48035115055340594,
    0.4913204753808985,
    0.5131416404123162,
    0.5046951611666067,
    0.4447545799841751,
    0.5681395531187448,
    0.5546357591768754,
    0.546763831650489,
    0.5661801280744787,
    0.5752035537690279,
    0.5662801158943916,
    0.520894618920059,
    0.5683974263496844,
    0.5541501435799262,
    0.5644330084879886,
    0.5492773108263388,
    0.54801152434452,
    0.5695545959708913,
    0.5601848350959825,
    0.5593674573679569,
    0.5209841767149078,
    0.5519436367497926,
    0.5605688062822822,
    0.43314472770788975,
    0.32419966959860697,
    0.5062429206238565,
    0.4620200316435845,
    0.42469955658388175,
    0.5725738787185697,
    0.4828855875343285,
    0.5244248538422243,
    0.4926399636322569,
    0.5383730355882123,
    0.36388216739702256,
    0.4467533070191242,
    0.38970469680237774,
    0.5667958814809998,
    0.2704133480468851,
    0.3932064227153601,
    0.2946378453331167,
    0.3056402047856367,
    0.2995894597976402,
    0.3171604574375281,
    0.42418855855960436,
    0.30111856215893357,
    0.30722178097224057,
    0.27702181596260506,
    0.3326986931489323,
    0.3372998437633794,
    0.29763510665205295,
    0.2788902565141847,
    0.30473942867910536,
    0.2762509296053966,
    0.28455424719411065,
    0.32248666271487847,
    0.3308160694186741,
    0.31195825871533367,
    0.2961576879734785,
    0.2983168825077893,
    0.3624230693286834,
    0.311702479338843,
    0.3940870285782995,
    0.41736424411307277,
    0.33047365539740353,
    0.44774086612511044,
    0.3429854090265625,
    0.2813905036600148,
    0.29037427744690036,
    0.3788558295370385,
    0.44358011990704005,
    0.4900771832042026,
    0.47376720225974633,
    0.4343956235450417,
    0.44742765159304776,
    0.39168140274843133,
    0.5648238618656686,
    0.3151035217382223,
    0.34248356172712613,
    0.35436496786203503,
    0.538100326172534,
    0.5326919167965309,
    0.528315625630612,
    0.5534228998866461,
    0.5633275427725444,
    0.5089756088699422,
    0.5638664234802852,
    0.5409041507163795,
    0.5705898397545176,
    0.5466030316120275,
    0.5727676128211576,
    0.4863734173123632,
    0.553717746450201,
    0.5219661888261676,
    0.5666871576832292,
    0.5414382959910673,
    0.43025696770190164,
    0.5558508185991532,
    0.5494591164823298,
    0.37781596831212777,
    0.41051836297074035,
    0.47888393294492565,
    0.3587795797368112,
    0.3792933948690672,
    0.5027370998290757,
    0.4150087569556832,
    0.43635590904951277,
    0.5168231253418629,
    0.5301783452385186,
    0.5472338932553411,
    0.2770052139569438,
    0.39034561137661733,
    0.4660811269013188,
    0.36639674513100373,
    0.2975977219996974,
    0.3936103063535296,
    0.3328000250745112,
    0.2828355981036209,
    0.27839037726177357,
    0.2725038674405763,
    0.3332124470134337,
    0.2689710340747911,
    0.28387189365551274,
    0.2941324312378487,
    0.2876231322914661,
    0.35529716305791254,
    0.32190203249173643,
    0.2794512466989059,
    0.27682441867745755,
    0.3061379008405134,
    0.30081856991021566,
    0.2771081885920993,
    0.29120051588865403,
    0.3989875735087727,
    0.3689788350707967,
    0.47468591893581946,
    0.5369619205298013,
    0.29962755643361505,
    0.3403536030329763,
    0.2783086905491293,
    0.40342823098381375,
    0.42744331156745313,
    0.37497628505365505,
    0.46041752689150317,
    0.44500786271967335,
    0.5328176837420373,
    0.46449240825219584,
    0.5416063308367116,
    0.526924002107924,
    0.3987285707562969,
    0.5618251793282119,
    0.527152681161171,
    0.5665195109253358,
    0.5094923765423806,
    0.5283313879234159,
    0.405404920549731,
    0.5403670680655921,
    0.5545875600009458
  ],