{
  "phases": [
    0.0,
    0.6613879270715354,
    1.3227758541430708,
    1.984163781214606,
    2.6455517082861415,
    3.306939635357677,
    3.968327562429212,
    4.6297154895007475,
    5.291103416572283,
    5.9524913436438185,
    6.613879270715354,
    7.2752671977868895,
    7.936655124858424,
    8.59804305192996,
    9.259430979001495,
    9.92081890607303,
    10.582206833144566,
    11.2435947602161,
    11.904982687287637,
    12.566370614359172
  ],
  "xc": [
    0.2803846213792842,
    0.4947032856535119,
    0.20707385048071,
    0.12264159965825444,
    0.2720358714988624,
    0.27788093353584187,
    0.3163242758588453,
    0.38261299281260475,
    0.0907023507702096,
    0.09346409560277984,
    0.11267649793500119,
    0.2363219044079875,
    0.14802177896335894,
    0.08583141120808782,
    0.0932666171921103,
    0.10259496152857973,
    0.08851953002268403,
    0.09118508100666664,
    0.08191188025189092,
    0.08586258448969278,
    0.08183801707807165,
    0.09933781414635655,
    0.11466578326970517,
    0.1997753502150469,
    0.2563460691672698,
    0.354846345319241,
    0.38086533321914473,
    0.08467326572025435,
    0.14782352858460943,
    0.19777929816483517,
    0.2774618455188298,
    0.1957712572911608,
    0.4078137817883511,
    0.3598793575534121,
    0.3821873367298634,
    0.5215905618983856,
    0.38035158720661894,
    0.6201712945544205,
    0.6702849831807307,
    0.35381070069479875,
    0.7688253693778518,
    0.5930966849635695,
    0.575572245790865,
    0.47319980022437325,
    0.8470140918168176,
    0.6722271386430678,
    0.7359382388995762,
    0.8544538978318199,
    0.8426479860881981,
    0.8099092743473775,
    0.8484065379905342,
    0.8349127781305107,
    0.7655894708877973,
    0.7416578314484222,
    0.8416140134164513,
    0.8515393690124812,
    0.7805641556443044,
    0.6704621779733487,
    0.7933583089502038,
    0.8430917683641613,
    0.7991711392646595,
    0.7992210307558546,
    0.7528659221884789,
    0.6345721865866562,
    0.5091266166441305,
    0.8574548503193712,
    0.3569520486691026,
    0.5584598229145863,
    0.6371580879140085,
    0.6831389674887598,
    0.6598925569593488,
    0.5624534668872991,
    0.5510532861835548,
    0.48186540822352464,
    0.411180021721338,
    0.640164382864486,
    0.20757750501416894,
    0.36533758180307274,
    0.26900261846386925,
    0.3603759416090692,
    0.1263270000010968,
    0.08955054216601163,
    0.09794207085451263,
    0.35340658303405686,
    0.09500646443110213,
    0.19178581610342924,
    0.1622880817078951,
    0.2630521497225452,
    0.1050358606405945,
    0.08954676420171832,
    0.14015043890475692,
    0.10034609461627039,
    0.1278688825280303,
    0.09621948883828818,
    0.1214315544471439,
    0.0945722149899272,
    0.09008542844988501,
    0.4026952767799043,
    0.10539208934190869,
    0.11290920854909449,
    0.1207677628241959,
    0.0892686515140353,
    0.09310023724206917,
    0.25463550642847776,
    0.42393272131989473,
    0.36757260564079375,
    0.31128040484195185,
    0.387072637088985,
    0.40412105803462217,
    0.3017308049901954,
    0.30706252552737395,
    0.49174346812589437,
    0.6062322850473131,
    0.6841437095340865,
    0.645932526344582,
    0.6782884485506063,
    0.36480561273034984,
    0.8086945281490626,
    0.255066473527339,
    0.738417175380108,
    0.7759981173487275,
    0.8173152184436857,
    0.8110302765753641,
    0.6546317137867607,
    0.6972076954021629,
    0.7247004046498204,
    0.6936888946784432,
    0.8541653784222984,
    0.8374318341782253,
    0.6266515491863099,
    0.8310786933829422,
    0.8189534575976407,
    0.7931097748837724,
    0.8451684057683898,
    0.835733286925391,
    0.8343360536822085,
    0.8129725111289366,
    0.80403037702001,
    0.7781492791838955,
    0.46353129447216246,
    0.4017405488981734,
    0.6503368746607305,
    0.8255990700466771,
    0.7186909421253421,
    0.43340358215644326,
    0.286121499536852,
    0.38238382465013165,
    0.51877544452314,
    0.6009294672240505,
    0.5146700886491287,
    0.5929565492720383,
    0.27648453107893045,
    0.37440321709168534,
    0.1989060631877376,
    0.2896497588657317,
    0.12421078807394358,
    0.22807911365934894,
    0.2767895215427061,
    0.1672413692439732,
    0.24045792929463572
  ],