{
  "phases": [
    0.0,
    0.6613879270715354,
    1.3227758541430708,
    1.984163781214606,
    2.6455517082861415,
    3.306939635357677,
    3.968327562429212,
    4.6297154895007475,
    5.291103416572283,
    5.9524913436438185,
    6.613879270715354,
    7.2752671977868895,
    7.936655124858424,
    8.59804305192996,
    9.259430979001495,
    9.92081890607303,
    10.582206833144566,
    11.2435947602161,
    11.904982687287637,
    12.566370614359172
  ],
  "xc": [
    0.2976273801191309,
    0.3508765667547143,
    0.3933697414610445,
    0.32994836914297015,
    0.28928234985798573,
    0.3545050077630672,
    0.27068205334612494,
    0.3562310997930925,
    0.26227449863500907,
    0.2993175276322708,
    0.274009773746234,
    0.2584413579740084,
    0.24625518125443294,
    0.2182554887658664,
    0.25560798036868304,
    0.27125123625335557,
    0.24526982834565791,
    0.26066328730368404,
    0.2429158866280258,
    0.24742597239241926,
    0.2783549932187677,
    0.27025434143160654,
    0.2803499139953874,
    0.2625381709021272,
    0.3118771726535342,
    0.3564480130739699,
    0.25077337281869727,
    0.2922410884040198,
    0.28932249732336346,
    0.3754612562420842,
    0.3430240330028647,
    0.33430371481637733,
    0.29196988009689345,
    0.29728054488846456,
    0.2826596990896776,
    0.2697790512940974,
    0.27341975616495595,
    0.37850812666386435,
    0.27769314856520044,
    0.3294344763006604,
    0.38877255696732654,
    0.32801885763658784,
    0.45306819185504704,
    0.4433304845787211,
    0.4115280402255345,
    0.2703566685967291,
    0.34149373345617806,
    0.3005248273462845,
    0.3764762383342636,
    0.3786266859051219,
    0.32265442729763893,
    0.3791043026435105,
    0.4395637847335338,
    0.3395349395647841,
    0.40399367078175735,
    0.3893983355630071,
    0.46814482937889007,
    0.4619683339945445,
    0.3511070421349497,
    0.36256605769749445,
    0.390107076830031,
    0.3596174211521417,
    0.399653982399506,
    0.4079325221386689,
    0.2960862042532688,
    0.3202426816626147,
    0.273122090256277,
    0.3646105862249864,
    0.26355643706059734,
    0.37102497176600185,
    0.33950809354425815,
    0.3878723903354445,
    0.249544947062586,
    0.276828814509625,
    0.3397141704730032,
    0.2657016524390345,
    0.3127018791450384,
    0.3392677842394711,
    0.25485331483025253,
    0.3059884426244554,
    0.25158442356366745,
    0.2597738037200022,
    0.26441577845922015,
    0.2626784479680294,
    0.24614997457971513,
    0.2914898226646825,
    0.24333716364696775,
    0.26804975099476963,
    0.28153337064963285,
    0.2963858428613767,
    0.28821975887442464,
    0.26325148926163977,
    0.26182559374253517,
    0.18591386623843728,
    0.24794888704519186,
    0.320288514416616,
    0.2648836562218192,
    0.2501378199273627,
    0.29717451596976696,
    0.31033173195602226,
    0.28622025917746574,
    0.2964986531848546,
    0.3381073024560016,
    0.30058460192662606,
    0.33711423277680547,
    0.36209215702913555,
    0.37149161901863165,
    0.40572229611982247,
    0.3106184998118394,
    0.3689927837981007,
    0.44519238991816595,
    0.2792722021467563,
    0.45484192326989087,
    0.3928052549702232,
    0.38722539051065286,
    0.36862789485110337,
    0.3639683786305027,
    0.40909685630345055,
    0.4339611639162633,
    0.34473572019265175,
    0.38970182821348925,
    0.40816781535657853,
    0.3920103434437348,
    0.3529251790236585,
    0.34858241112525706,
    0.429825543102357,
    0.43072934744103997,
    0.45508989922556464,
    0.38341671869092314,
    0.36759143796440386,
    0.2762919836303192,
    0.3997870646232028,
    0.3108920784426811,
    0.2656263556053804,
    0.38948814388452413,
    0.45470581927366316,
    0.2349506295492792,
    0.2799695470382067,
    0.28010686731550394,
    0.37094394736259767,
    0.2575543316463233,
    0.24247287879129278,
    0.26333346217123227,
    0.30547912697157087,
    0.2739111312810251,
    0.33771116945774404,
    0.28111936614124133,
    0.30461326178079623,
    0.26243981030906793,
    0.2858281253589041,
    0.3046950202213429,
    0.2945605846005894,
    0.28791100219394894,
    0.3363624847486782,
    0.2631687700953891,
    0.27670707871987615,
    0.387578442229605,
    0.3369163697654248,
    0.2721873223014712,
    0.3530171852623356
  ],