{
  "phases": [
    0.0,
    0.43332312463307493,
    0.8666462492661499,
    1.2999693738992246,
    1.7332924985322997,
    2.1666156231653746,
    2.5999387477984492,
    3.0332618724315243,
    3.4665849970645994,
    3.8999081216976745,
    4.333231246330749,
    4.766554370963823,
    5.1998774955968985,
    5.633200620229974,
    6.066523744863049,
    6.499846869496124,
    6.933169994129199,
    7.366493118762273,
    7.799816243395349,
    8.233139368028423,
    8.666462492661498,
    9.099785617294573,
    9.533108741927647,
    9.966431866560724,
    10.399754991193797,
    10.833078115826872,
    11.266401240459947,
    11.699724365093022,
    12.133047489726097,
    12.566370614359172
  ],
  "xc": [
    0.2136638796487758,
    0.1723204934051321,
    0.6006812035350163,
    0.17249514769524096,
    0.4731944661342138,
    0.16874134490238613,
    0.16756227314021502,
    0.4763685446351137,
    0.29443874838611683,
    0.19813216734600655,
    0.23194353404045584,
    0.32197946449694437,
    0.2172482423202487,
    0.1898966703243543,
    0.5829327601973658,
    0.5390865176886755,
    0.2642791983607938,
    0.6743869053755311,
    0.1773172931609713,
    0.7275006210436284,
    0.4010540550841536,
    0.5495603249038175,
    0.3262913100933102,
    0.5038469594981051,
    0.5638653402388808,
    0.5911515381274699,
    0.390260037922197,
    0.5032806689797656,
    0.48769712387468045,
    0.698776722972946,
    0.4841250320733261,
    0.6774750184559224,
    0.7483487455656573,
    0.7598347562320843,
    0.5756363095563285,
    0.7572091568425935,
    0.563743695825832,
    0.31246167482817244,
    0.6442862694969136,
    0.6607474643340219,
    0.7690226713505811,
    0.768797172740464,
    0.762609640389082,
    0.7482820209855268,
    0.7681090314808651,
    0.7548482208671179,
    0.5010528792870481,
    0.7301069085203694,
    0.5555901470768592,
    0.6835994068352989,
    0.4104774700186903,
    0.7610124318339797,
    0.7560657001183608,
    0.6353527244401506,
    0.7238545726948881,
    0.7098097120279545,
    0.7753644472246125,
    0.7422890028169776,
    0.7690849211912946,
    0.7477461493342148,
    0.7308975718068407,
    0.7284164654029226,
    0.7105747935986226,
    0.5562492144888316,
    0.7624883369067599,
    0.5610947695471707,
    0.5893160317768912,
    0.6726902909631984,
    0.7124465806442376,
    0.51891149798656,
    0.6494833176492626,
    0.6458032404395566,
    0.5717737724042523,
    0.6372554693606997,
    0.42812012803587035,
    0.672456965806558,
    0.7601550895569834,
    0.7037215492829807,
    0.6104196186866033,
    0.6377186956925687,
    0.4417991924959278,
    0.4096197401539997,
    0.7167430146668063,
    0.37649788215070057,
    0.3556011997682169,
    0.5248652894687023,
    0.28696759269007205,
    0.4559064520055699,
    0.6993361417233986,
    0.7096717549842816,
    0.30330073116946327,
    0.19654490029583277,
    0.4520020065831253,
    0.3309751126759535,
    0.537100469276716,
    0.3062519686003566,
    0.25598755508022875,
    0.6451289176510882,
    0.3539779587451561,
    0.6289015957259548,
    0.19158919106785993,
    0.21066925691545157,
    0.20199447279328442,
    0.5919365100862398,
    0.27995435635871546,
    0.19950540731581617,
    0.2844593349163495,
    0.26164717311300456,
    0.2739912061159018,
    0.2874650944119811,
    0.18866622946170616,
    0.20806581573530208,
    0.1859238479696213,
    0.28189245431211085,
    0.17977606351257494,
    0.29609246522137256,
    0.22166702599417468,
    0.20811285479576228,
    0.27037721146979854,
    0.5419741504145038,
    0.19296008671230547,
    0.17871058116955288,
    0.2016011880653436,
    0.20211702369623918,
    0.1995963500489293,
    0.17800256038933107,
    0.2345851238701936,
    0.3039544368885045,
    0.20965218254119694,
    0.17882272644521865,
    0.21304225647954447,
    0.19743431986926613,
    0.33371394276794497,
    0.18529860181721297,
    0.21935993657982975,
    0.30384188309832705,
    0.1857319209854764,
    0.20303168475196484,
    0.21510589227056054,
    0.21022462522002722,
    0.21727514857762478,
    0.33153854846337677,
    0.2855749047522528,
    0.24680427653288117,
    0.20411322361748505,
    0.32110795592615476,
    0.5565269133871372,
    0.18273252870807022,
    0.23887017869844818,
    0.2181940900834682,
    0.231996634779702,
    0.4839571143023668,
    0.3391834909373296,
    0.28887715394735836,
    0.7272852122631983,
    0.27344567765599453,
    0.329827989703614,
    0.39998381156663565,
    0.3012400692696338,
    0.24980074689723672,
    0.36558440008937537,
    0.5907757714577346,
    0.36810504996524124,
    0.5520379248500437,
    0.4022364527629885,
    0.6698175432065294,
    0.397629461990689,
    0.5807960645707543,
    0.5864088461402204,
    0.6385333408307695,
    0.3855704734349772,
    0.5891434466255704,
    0.6653280543829245,
    0.6026013317305744,
    0.5627069474389146,
    0.6685828984702965,
    0.6297382462261408,
    0.7082013265947283,
    0.4686984607998104,
    0.6122792700501797,
    0.74715268036836,
    0.6509564482650944,
    0.7241964816329084,
    0.6890002928295903,
    0.7182754546632002,
    0.7501792924898808,
    0.5799118657821721,
    0.7411612754867393,
    0.6992781833122115,
    0.7185455875656024,
    0.7569264234792288,
    0.7532065863889642,
    0.7531434761632211,
    0.728171820622452,
    0.7484439340295583,
    0.6404300808393256,
    0.5538548053360135,
    0.7231200976263163,
    0.5285146301024084,
    0.7507428560479898,
    0.5987682185237193,
    0.6503423754310218,
    0.4810815680141826,
    0.6402267670744026,
    0.7430073661593044,
    0.6610786115679875,
    0.5819288520800032,
    0.7512496977336964,
    0.6417767125405907,
    0.7541942110251458,
    0.5975058522541911,
    0.7008837992793636,
    0.7481303274536396,
    0.7300219458327406,
    0.7513029296886438,
    0.6622232442380598,
    0.2331277238711048,
    0.7241225696650275,
    0.3553187786045632,
    0.7044426313557716,
    0.5562646108231877,
    0.252861623706768,
    0.40502279710221595,
    0.47704201462363255,
    0.47553519046410897,
    0.291054928900326,
    0.6576852660466789,
    0.41814075518525085,
    0.53840815956539,
    0.7134384338598524,
    0.3483832303355788,
    0.32323905421348004,
    0.2391647315582715,
    0.3740782680348191,
    0.29087406932747467,
    0.5343057793787721,
    0.1870342632675846,
    0.4308919176812348,
    0.5828062271389063,
    0.5477602443101977,
    0.23546241218929848,
    0.25345846848462716,
    0.33433377847789114,
    0.20067209412755607,
    0.20463271293735188,
    0.19967001518514194,
    0.25477737578405585,
    0.19711325117950293,
    0.26238686366400743,
    0.4258353625769258,
    0.20425346240243056,
    0.20078948681970196,
    0.22462975443871255,
    0.19542954306424365,
    0.21343168705420618,
    0.193503744888723,
    0.43817019604078034,
    0.1923109445845665,
    0.22392657922943054,
    0.24144251854922155,
    0.21123495228045083,
    0.24100032144933922,
    0.27533006697612145,
    0.21305049910846052,
    0.20248433373528435,
    0.19214261020385442,
    0.3238531283838551,
    0.18805864446877935,
    0.216022014218111,
    0.21139625510882995,
    0.21436535689470274,
    0.22671297983295027,
    0.21763752072139367,
    0.4470584843261507,
    0.2765172913106801,
    0.23469700050294814,
    0.46231375528934976,
    0.20938706373591742,
    0.2001657699948815,
    0.3025949809993711,
    0.47300568707248675,
    0.2210802373324118,
    0.23619717211432203,
    0.3597180143131965,
    0.4446635953161784,
    0.461024851327213,
    0.3520548697246632,
    0.4471370806993565,
    0.35809182334136713,
    0.3211391857739741,
    0.37334167506496074,
    0.5145319936383868,
    0.40813107099433826,
    0.3828823886156415,
    0.4572071905142371,
    0.30027914153968216,
    0.4171945428160087,
    0.3518674496586234,
    0.375184487114629,
    0.2707989841014241
