{
  "phases": [
    0.0,
    0.43332312463307493,
    0.8666462492661499,
    1.2999693738992246,
    1.7332924985322997,
    2.1666156231653746,
    2.5999387477984492,
    3.0332618724315243,
    3.4665849970645994,
    3.8999081216976745,
    4.333231246330749,
    4.766554370963823,
    5.1998774955968985,
    5.633200620229974,
    6.066523744863049,
    6.499846869496124,
    6.933169994129199,
    7.366493118762273,
    7.799816243395349,
    8.233139368028423,
    8.666462492661498,
    9.099785617294573,
    9.533108741927647,
    9.966431866560724,
    10.399754991193797,
    10.833078115826872,
    11.266401240459947,
    11.699724365093022,
    12.133047489726097,
    12.566370614359172
  ],
  "xc": [
    0.2597314313059979,
    0.31657589466791536,
    0.3297867099791172,
    0.5108767667054458,
    0.35436347402418455,
    0.571173856766594,
    0.26378476171274273,
    0.2732700556503996,
    0.4627038974752484,
    0.371087231539412,
    0.2772476049731876,
    0.37263586363303525,
    0.3976740187200408,
    0.38017845470134065,
    0.4159747576524778,
    0.5329161536493591,
    0.3033488968208028,
    0.6307665029784778,
    0.25835173623567126,
    0.5985643989633768,
    0.36908522056121157,
    0.3364564699021532,
    0.289506946287575,
    0.27735566967357,
    0.5599640150669739,
    0.6477789206130383,
    0.6600668574992122,
    0.5360562225879738,
    0.5096366752427933,
    0.56848318170364,
    0.6365365243854392,
    0.6386729055980077,
    0.6308677647214518,
    0.4348097421462016,
    0.4711358356588694,
    0.4330827855750605,
    0.5692132030464188,
    0.47923440588454025,
    0.4836093293684941,
    0.6614012145251468,
    0.527043812187194,
    0.25896736007152876,
    0.45391082709778435,
    0.4016953880974625,
    0.40801557613652023,
    0.5845687785438451,
    0.6350582430703047,
    0.6386482918619256,
    0.24949304305254963,
    0.6533497873343479,
    0.6344406049939048,
    0.6118960473323101,
    0.5402572657127962,
    0.6334200292363563,
    0.6621529881959289,
    0.587662412351687,
    0.6138472132865646,
    0.4302243589963222,
    0.4315038080955366,
    0.6574985588943881,
    0.64151006138252,
    0.560475922377837,
    0.4582843981407535,
    0.5838751142696027,
    0.48803012752565267,
    0.6547097817619923,
    0.4961651242816374,
    0.6428461762854467,
    0.3736420808002743,
    0.6339527721896325,
    0.36508677843826903,
    0.6099206267273494,
    0.6412199337353489,
    0.6622927485627231,
    0.6199636643291051,
    0.557809272244597,
    0.6398011704881166,
    0.43512466181032244,
    0.6569530978657651,
    0.629147812454606,
    0.37358390741403297,
    0.6631166241612493,
    0.660893033807082,
    0.5834287777352508,
    0.6475822745556743,
    0.6393877500013885,
    0.6262508213919279,
    0.4586788396272424,
    0.33775345598595147,
    0.6463167021452956,
    0.26013380776999756,
    0.35898517051693374,
    0.3818394028670664,
    0.6341876565031669,
    0.26539186589589964,
    0.33093659313250434,
    0.34365467700090097,
    0.653623929713857,
    0.45872411272754837,
    0.5111732635584465,
    0.34632679107309167,
    0.4582468833066323,
    0.25453344871567635,
    0.6531945877247637,
    0.25447575974849707,
    0.39372991701360754,
    0.263888539649811,
    0.4417166977877102,
    0.39457729741740166,
    0.2740198859435203,
    0.25627411480684825,
    0.46461150538754187,
    0.2668359281990526,
    0.3359883391923176,
    0.34335530990740193,
    0.2660121254132381,
    0.25425229733956667,
    0.5738266487694719,
    0.26064447344463404,
    0.28464050312253586,
    0.2661645918170012,
    0.2595007240819597,
    0.41165468960466695,
    0.26643419921828054,
    0.4468605485500057,
    0.5366080242773672,
    0.2985192952628907,
    0.2650604198212642,
    0.3315462042159193,
    0.4605687635762449,
    0.36673420135073714,
    0.5258028046659183,
    0.4062392675108136,
    0.3213708327058453,
    0.5335110908081286,
    0.6329423464165438,
    0.3605838901491648,
    0.3140030220745259,
    0.2693586832145058,
    0.27888981990089895,
    0.4348860108095676,
    0.5278402371910036,
    0.32347840465771566,
    0.29569627052239544,
    0.35049271349151967,
    0.5201409458461892,
    0.41538642517232727,
    0.46307516704332496,
    0.26104530045894897,
    0.3026834135038708,
    0.6469472377031392,
    0.36916656340804066,
    0.49469327333098995,
    0.3506481400360954,
    0.6392819159956354,
    0.3916747888835965,
    0.31262133280730275,
    0.27142257232382244,
    0.4976259445664465,
    0.42225087565336944,
    0.6118167134461333,
    0.3572503887941266,
    0.5132444515521946,
    0.29008225064809995,
    0.6533374783814302,
    0.38861749333042955,
    0.5205392643628821,
    0.5605206687062303,
    0.6412593401008518,
    0.5877768687025039,
    0.5473760160839994,
    0.5034208175014555,
    0.6330209926317253,
    0.47376751425337427,
    0.44467854041573174,
    0.6331046565461078,
    0.4629009541554191,
    0.335126104286216,
    0.6592963100380127,
    0.6553223105510287,
    0.5357060975693467,
    0.6120422778110758,
    0.6376216020855155,
    0.5933508486374933,
    0.6451721900197711,
    0.35510017808675126,
    0.6143571999648634,
    0.6418839636384568,
    0.2637831237059285,
    0.6064209519605679,
    0.6452085195464187,
    0.5945990363696257,
    0.6443963508264836,
    0.36154695357335137,
    0.2607557775048439,
    0.5351180570092503,
    0.5082957416247019,
    0.6488170606906839,
    0.28818622047353415,
    0.646258882664106,
    0.6480900709463937,
    0.649233833491927,
    0.3501552963221715,
    0.6136197037537782,
    0.6477114681513336,
    0.6170467701149674,
    0.2829140246583711,
    0.6436790806759536,
    0.4761207367323636,
    0.5868795709338283,
    0.44329533251310355,
    0.5924648897716215,
    0.6237453166196402,
    0.5000669424651378,
    0.5561421275283688,
    0.6086831363008688,
    0.5575972990688715,
    0.3147920883177012,
    0.4983671256280153,
    0.592734176964652,
    0.5223161301396491,
    0.29355688506222466,
    0.4477299128474229,
    0.2803394523428855,
    0.4508909116507957,
    0.2690728406808331,
    0.6229579321876588,
    0.42471305378256097,
    0.3671141144367902,
    0.6402461150993453,
    0.5066397352088423,
    0.3256662182011183,
    0.4166597456364358,
    0.2766255858208795,
    0.2648971125328681,
    0.5250414524440465,
    0.28045696127839065,
    0.331474667110199,
    0.3242656299678374,
    0.3425451075691928,
    0.3156115873554212,
    0.2803716067972754,
    0.36712076949261235,
    0.3111483548800433,
    0.2873993355302617,
    0.3738156886301966,
    0.2702012255597481,
    0.26406360200273815,
    0.28120972363951524,
    0.3629249692615275,
    0.3820561878367542,
    0.33956897751051224,
    0.2824951086120872,
    0.2937686086687992,
    0.277742886847298,
    0.2777779691031028,
    0.2783302048230739,
    0.3968509111899668,
    0.26942834618525413,
    0.2954217707666257,
    0.3983935929619907,
    0.46263996546722536,
    0.6020025292230224,
    0.33040601073306614,
    0.40460586814023,
    0.41638100121236254,
    0.5185050497904028,
    0.3021581526819706,
    0.31184798699602334,
    0.43193609146784745,
    0.4889618502525233,
    0.6379358274257255,
    0.5391668315233802,
    0.27865622517610195,
    0.3855292676620606,
    0.41354910416331825,
    0.272997066790574,
    0.3281377678497789,
    0.2768700481495435,
    0.379665803188961,
    0.3698772072926082,
    0.5732101780879514,
    0.5344130500829652,
    0.3440859921459196,
    0.29143964352816426,
    0.6101463311479237,
    0.4081274314307019,
    0.40843705504333844,
    0.3319074739833872,
    0.4709926995083907,
    0.6066701171504202,
    0.5273851196549298,
    0.3706466941667414,
    0.5884343687356376,
    0.580485613140035,
    0.5549951919418329,
    0.5021570172865337,
    0.5849693414020636,
    0.5927041603555908,
    0.6165963620921509
  ],