{
  "phases": [
    0.0,
    0.43332312463307493,
    0.8666462492661499,
    1.2999693738992246,
    1.7332924985322997,
    2.1666156231653746,
    2.5999387477984492,
    3.0332618724315243,
    3.4665849970645994,
    3.8999081216976745,
    4.333231246330749,
    4.766554370963823,
    5.1998774955968985,
    5.633200620229974,
    6.066523744863049,
    6.499846869496124,
    6.933169994129199,
    7.366493118762273,
    7.799816243395349,
    8.233139368028423,
    8.666462492661498,
    9.099785617294573,
    9.533108741927647,
    9.966431866560724,
    10.399754991193797,
    10.833078115826872,
    11.266401240459947,
    11.699724365093022,
    12.133047489726097,
    12.566370614359172
  ],
  "xc": [
    0.5126416739319966,
    0.8102481550703777,
    0.6345594596690951,
    0.4146102822996823,
    0.7205057388627584,
    0.5537521254095301,
    0.7396625642332803,
    0.5771103896103896,
    0.6408193222224673,
    0.7960458211088163,
    0.6851170443497121,
    0.33564983232561446,
    0.7935917074252391,
    0.6019206088115012,
    0.5992019219913345,
    0.4393061282878983,
    0.6907759627212643,
    0.5591356744770654,
    0.5810027966440272,
    0.5109007207157487,
    0.5124707802088931,
    0.1727142595257876,
    0.4682842162264156,
    0.31303413900915394,
    0.49408203933222744,
    0.5221146406240197,
    0.44488093777074095,
    0.2269169848880722,
    0.4628699571430736,
    0.4848687528518937,
    0.43959982761805083,
    0.29553512228985795,
    0.18114461201237542,
    0.15748857952041737,
    0.1505386851410061,
    0.23620520766438263,
    0.22172431553873517,
    0.27927683837000983,
    0.25358872680587297,
    0.28687008784096163,
    0.1449166451027447,
    0.15040558259996167,
    0.4398213997237915,
    0.18994693554246644,
    0.15206212335835623,
    0.16351117947967223,
    0.1817258959495607,
    0.17665556877494626,
    0.350859121463296,
    0.1529352107725139,
    0.16900321368131282,
    0.17611996298632243,
    0.24459450249517786,
    0.141739018961157,
    0.14987566361065596,
    0.14971294012882408,
    0.22315130199052355,
    0.19714695268692564,
    0.5097040353184004,
    0.16844448172284562,
    0.31561583443039526,
    0.15375844203354722,
    0.14414849100222224,
    0.14392565983994138,
    0.15549477335698206,
    0.27453524504011123,
    0.1796774066154775,
    0.17598002526779674,
    0.13824190779497558,
    0.3123661625901221,
    0.18781402494679725,
    0.41362923979844685,
    0.2942257084670082,
    0.17803374333194869,
    0.4538371875320848,
    0.344702204018332,
    0.20934326417918458,
    0.1741921869770014,
    0.17674125656032083,
    0.19593496211644246,
    0.42497913462825854,
    0.4090690373317584,
    0.4867058315787316,
    0.20722929932604484,
    0.6218950435858022,
    0.22114819678424377,
    0.7190199103939321,
    0.47521265664236595,
    0.49394014377008905,
    0.3717404160855729,
    0.7546788310619341,
    0.7404092942966816,
    0.6219502381283333,
    0.6294275893969791,
    0.6831903737530656,
    0.5411065739616672,
    0.45486805223092414,
    0.8156175701416152,
    0.47033750483644876,
    0.6717626929533126,
    0.427496158585751,
    0.535462570117715,
    0.6886454080567987,
    0.754813809534763,
    0.7096323222782152,
    0.6348984497055642,
    0.7624699818170214,
    0.8159872901925594,
    0.8121147855214466,
    0.6425801670516689,
    0.6546993995003495,
    0.8104152198568904,
    0.4011074408839701,
    0.7995629611487004,
    0.7698584124745244,
    0.8182827939190218,
    0.786738283034382,
    0.8142267658523352,
    0.7454840512199198,
    0.5686691764303754,
    0.8003505376090266,
    0.8167327099734587,
    0.8101171974214149,
    0.8100863071758387,
    0.8031742874707472,
    0.8106329951678863,
    0.8049446987480197,
    0.5077499531481462,
    0.7703609332604638,
    0.7341379596251347,
    0.616432300079917,
    0.8121254828863438,
    0.8135546244304849,
    0.5241828855975426,
    0.7012347183854506,
    0.7359254779090981,
    0.35337854183676554,
    0.7725446938728029,
    0.8019215640569913,
    0.7601916639351244,
    0.6384839220054067,
    0.6038842787727022,
    0.5244594719566438,
    0.8000143828351136,
    0.5192419744528664,
    0.4005617002358941,
    0.8055849563398353,
    0.68458537015233,
    0.5202272741432051,
    0.6991078691054706,
    0.4589806267751593,
    0.800459183735089,
    0.3397823233986116,
    0.2139760226250463,
    0.43184520285152644,
    0.7120763036341009,
    0.497536678863503,
    0.39419840341086265,
    0.4743959567167183,
    0.4670109160030848,
    0.19896236990395708,
    0.20237634276316216,
    0.5603418842328091,
    0.26023445078491825,
    0.25901749031576476,
    0.3159741077828703,
    0.18229312892831925,
    0.4237374648315904,
    0.30234222290410345,
    0.3221348593210985,
    0.4363692889871768,
    0.20504803877284436,
    0.397627509930418,
    0.22937486836340373,
    0.316599921447423,
    0.14802449660202618,
    0.1768195509957354,
    0.30135071859949547,
    0.3914438139965666,
    0.31634596463610043,
    0.14973580366622277,
    0.350595485749948,
    0.34426186972492706,
    0.18251578458789805,
    0.19524992261873306,
    0.16344781052590404,
    0.1926112120795533,
    0.17490233059409943,
    0.19453662469717387,
    0.13456920160101116,
    0.16508775821235125,
    0.1968491923415869,
    0.16977248341252985,
    0.20712032661611893,
    0.14902570629062867,
    0.14982687767666114,
    0.2505166419206047,
    0.19609724065730683,
    0.15538698761017564,
    0.1449874483861693,
    0.2695479889275265,
    0.38385176389977427,
    0.16977019803975016,
    0.16744155690043908,
    0.43823709645125863,
    0.38949005283918264,
    0.32759825605916454,
    0.2017390693463533,
    0.219811669445433,
    0.23615091089961546,
    0.337274638437116,
    0.2033056836217973,
    0.42309722722664006,
    0.21277809735183084,
    0.20191215199074536,
    0.1534488238147543,
    0.22787525545062093,
    0.4484904699873818,
    0.39909822821224095,
    0.6431623508355307,
    0.38894930492442964,
    0.48004613256869816,
    0.5014372950883353,
    0.4722445002684412,
    0.43227440726706656,
    0.6011081542490265,
    0.2958571328655025,
    0.3883129007235376,
    0.14803071017274472,
    0.6000635988380981,
    0.43862564134764814,
    0.5381182493313896,
    0.6842853335702229,
    0.533145685129735,
    0.3024020831125872,
    0.526508316718416,
    0.5964076353243117,
    0.6607027829836677,
    0.43847932589620825,
    0.6909888196757605,
    0.795400354314083,
    0.6886953949679256,
    0.7895696589544181,
    0.4931902261116322,
    0.4564626293002275,
    0.5230290104544454,
    0.7234950869915716,
    0.6249408550452554,
    0.6677184514281738,
    0.813519042590108,
    0.8009939081826561,
    0.8098345913344804,
    0.7436913745325372,
    0.7908825271470878,
    0.7716979261122998,
    0.8117688222097657,
    0.7946964735950454,
    0.7675988856838029,
    0.7596741092859355,
    0.7519489309486826,
    0.8058856366165907,
    0.7654352540468593,
    0.7534899531933492,
    0.809771102291916,
    0.770398745082152,
    0.7823214077174319,
    0.8112901347104962,
    0.7716187600029993,
    0.7693935495374572,
    0.7418895811861708,
    0.7122097574371649,
    0.8077382775199988,
    0.7599380665784282,
    0.7638145589665578,
    0.6323180704205048,
    0.722177697146408,
    0.8103781329692223,
    0.8100176695913178,
    0.808024201547312,
    0.6974804554223842,
    0.7248077834455586,
    0.5094973668183284,
    0.6092722768481782,
    0.5303368501804637,
    0.785877398650195,
    0.22856870724169304,
    0.42491098108683595,
    0.30778069055243507,
    0.7501409766042627,
    0.5040420959978259,
    0.42271560255612733,
    0.30017677887230043,
    0.40178773802110546,
    0.33324173994138023,
    0.39814061466028794,
    0.29192536520615064,
    0.31962669843701247,
    0.44721297555757683,
    0.3303191260347293,
