{
  "phases": [
    0.0,
    0.43332312463307493,
    0.8666462492661499,
    1.2999693738992246,
    1.7332924985322997,
    2.1666156231653746,
    2.5999387477984492,
    3.0332618724315243,
    3.4665849970645994,
    3.8999081216976745,
    4.333231246330749,
    4.766554370963823,
    5.1998774955968985,
    5.633200620229974,
    6.066523744863049,
    6.499846869496124,
    6.933169994129199,
    7.366493118762273,
    7.799816243395349,
    8.233139368028423,
    8.666462492661498,
    9.099785617294573,
    9.533108741927647,
    9.966431866560724,
    10.399754991193797,
    10.833078115826872,
    11.266401240459947,
    11.699724365093022,
    12.133047489726097,
    12.566370614359172
  ],
  "xc": [
    0.7380560785826092,
    0.7171542523889619,
    0.6112062317836651,
    0.6009824936753827,
    0.6624530816228809,
    0.7228601260339299,
    0.7239809235962553,
    0.6150926043050197,
    0.6131991960519528,
    0.45020089452938633,
    0.7030717516045801,
    0.5146028761047521,
    0.7433437261982389,
    0.6694173981765152,
    0.7309930873689945,
    0.7439507323823122,
    0.7456304296384043,
    0.7420129626833537,
    0.7369787833405131,
    0.7270630678455691,
    0.7477698321144175,
    0.7468439591111655,
    0.7353115837938179,
    0.6806371314695175,
    0.7505074742323422,
    0.7257604814085988,
    0.7298849121031997,
    0.7279849343114491,
    0.7255434185366711,
    0.7159842368319876,
    0.7407031548554202,
    0.7394903815429645,
    0.708917732215345,
    0.5987531753775606,
    0.6536495851123587,
    0.4864554933251184,
    0.7386535479795563,
    0.7407609742708672,
    0.5592016580171194,
    0.7186072639389635,
    0.47714917553224223,
    0.731761692578374,
    0.6714891535312548,
    0.6616624057923716,
    0.35083424721917594,
    0.7375719290724081,
    0.703766518988634,
    0.3377556311235312,
    0.4148845097831039,
    0.549621497986372,
    0.3715130458022918,
    0.63346652386636,
    0.41457536442528475,
    0.402121120053134,
    0.5071892364406111,
    0.6098834978788941,
    0.6171874443600894,
    0.2807709274205716,
    0.4301382682173432,
    0.5039965318961884,
    0.4547137284594947,
    0.39055519082505913,
    0.3496612963006774,
    0.3833457110778342,
    0.5731483629713537,
    0.7368637517346506,
    0.5777681552530815,
    0.2696023421015807,
    0.31611105757267605,
    0.3433728703058589,
    0.315826587830963,
    0.45806140132708584,
    0.307668245283524,
    0.2964751334415708,
    0.2687996720609315,
    0.29004704216592453,
    0.28624866734145443,
    0.27246827635185883,
    0.2643035024757466,
    0.2629653162726496,
    0.25491033304867633,
    0.293317259871124,
    0.294428601426549,
    0.28345008488146517,
    0.27639560224827053,
    0.2803298698978832,
    0.3030463869077238,
    0.45147316758281036,
    0.381882736569715,
    0.3418546161638508,
    0.29855026928734085,
    0.27525842890309793,
    0.33885026734349477,
    0.2613699546414164,
    0.27997711563171174,
    0.31542819616080225,
    0.2647026856438723,
    0.25999344670618657,
    0.30702734166063617,
    0.25992374434183296,
    0.5096720173473697,
    0.38273382838416586,
    0.27360520782991943,
    0.43173163262313696,
    0.5194039939881633,
    0.33424246038351096,
    0.3915216728248138,
    0.49834563288965583,
    0.5158530073739633,
    0.4230338352654256,
    0.5411389678642199,
    0.5968690839843859,
    0.44126620696999547,
    0.4420122038302889,
    0.4416281189028221,
    0.552079392376039,
    0.7375416683674163,
    0.5863478581154988,
    0.45087229345274993,
    0.4208485803573813,
    0.4596229968205194,
    0.7222517846681962,
    0.6203314430643695,
    0.4477948764023566,
    0.5628672784974883,
    0.3892505413702653,
    0.33122824532527456,
    0.33835615474959735,
    0.4500193320445304,
    0.2988353457123222,
    0.5962738304150386,
    0.7255912453076928,
    0.5747877981574472,
    0.7140276391346383,
    0.4666686637645204,
    0.7032007322601267,
    0.5541767599680997,
    0.719009650827394,
    0.5452373859564623,
    0.5179719663776632,
    0.6897378227049383,
    0.6980502886095077,
    0.3839224076234485,
    0.7173911784800305,
    0.7339390592983501,
    0.48501249674529506,
    0.7429834873302736,
    0.3581814696660597,
    0.7144788907238891,
    0.60950235522621,
    0.7114418706833816,
    0.7289664341888832,
    0.7230018347064116,
    0.7378612701427836,
    0.7361528493435268,
    0.7267442742668593,
    0.7082576880461443,
    0.6597439213834542,
    0.7216755450502026,
    0.6994885251048811,
    0.6513292989732781,
    0.5910867950016886,
    0.6442807892277596,
    0.5980220667384284,
    0.6231204700546772,
    0.4113981029194593,
    0.6715343010428984,
    0.7202543897180694,
    0.6708599471881492,
    0.3145967736674908,
    0.5769446515425853,
    0.672299817008708,
    0.6865948278872276,
    0.6851626895641273,
    0.6864232893929209,
    0.5315421566810052,
    0.4483954080549434,
    0.5949885010993454,
    0.586197698617944,
    0.716308412116269,
    0.7014236512960664,
    0.5548639082143293,
    0.2939360994155515,
    0.3156684350708106,
    0.3485803512391784,
    0.2755031951656916,
    0.36925927992086505,
    0.5502450765923248,
    0.28669426551688065,
    0.43534558204729307,
    0.3934458732645902,
    0.3821691474436725,
    0.4349514563106796,
    0.4696797936025733,
    0.3818366168732879,
    0.26018341715300003,
    0.53826374468718,
    0.29554995574219595,
    0.4710599989986861,
    0.4287317220612724,
    0.5292914451769425,
    0.3480356634306032,
    0.2666001466156227,
    0.2609160018422738,
    0.30187023453796374,
    0.27638690068318894,
    0.26414730590580066,
    0.26847749485104916,
    0.3204422123761838,
    0.3921442579311419,
    0.30394266165809253,
    0.2700508514992042,
    0.27165168411470186,
    0.26871808730034563,
    0.3027654546548583,
    0.36717503360637505,
    0.36584708177156977,
    0.25715163062063384,
    0.27689555288105416,
    0.27448825269827787,
    0.28144359733292695,
    0.557762788384175,
    0.2637649945761498,
    0.40095722445756143,
    0.2865210238691559,
    0.30236911147429024,
    0.2626331811263318,
    0.2867330265042629,
    0.2567081193103293,
    0.260582046727695,
    0.2966754065148713,
    0.27843237847754687,
    0.39301089803405165,
    0.27055209698558325,
    0.45213978488962825,
    0.36382401797928476,
    0.2698356992048875,
    0.26225174717563304,
    0.6128634455371492,
    0.3273284457768708,
    0.49349244377388524,
    0.4834320537646657,
    0.5357367998846941,
    0.6333145391097633,
    0.4641530145761252,
    0.48273361492363387,
    0.29807748427085645,
    0.2669654138751379,
    0.512375618202306,
    0.6229598497244357,
    0.7235559339512909,
    0.5532221065373253,
    0.626221718157804,
    0.5741809238229286,
    0.48646346836843024,
    0.6960556681103105,
    0.6065889369461283,
    0.7138474356958204,
    0.5874329247571857,
    0.5747833318442052,
    0.7300603615672934,
    0.6990946317786871,
    0.7198268590519062,
    0.7020429367991333,
    0.5213731866796473,
    0.7271694198341552,
    0.5689457778202917,
    0.5672760033375897,
    0.7007698138963716,
    0.6686857642685327,
    0.723679217940766,
    0.711012468176774,
    0.7066322184598273,
    0.7327198872130392,
    0.6991317509459924,
    0.7241514795584498,
    0.5686177988400634,
    0.7134389223378427,
    0.7253764391236732,
    0.7123824272622478,
    0.6977676800255742,
    0.7216153801438454,
    0.7231008799635674,
    0.641204558844331,
    0.7140567489454205,
    0.6923961531386973,
    0.565983639248079,
    0.7265124083214171,
    0.7222885214580311,
    0.7302533532041728,
    0.6717761016562376,
    0.667738869578794,
    0.707486758084261,
    0.6452236287389801,
    0.5329553626678708,
    0.6815906758333685,
    0.6921784593743646,
    0.6049238967527061,
    0.5687621522293362,
    0.5114085460690518
  ],