{
  "phases": [
    0.0,
    0.43332312463307493,
    0.8666462492661499,
    1.2999693738992246,
    1.7332924985322997,
    2.1666156231653746,
    2.5999387477984492,
    3.0332618724315243,
    3.4665849970645994,
    3.8999081216976745,
    4.333231246330749,
    4.766554370963823,
    5.1998774955968985,
    5.633200620229974,
    6.066523744863049,
    6.499846869496124,
    6.933169994129199,
    7.366493118762273,
    7.799816243395349,
    8.233139368028423,
    8.666462492661498,
    9.099785617294573,
    9.533108741927647,
    9.966431866560724,
    10.399754991193797,
    10.833078115826872,
    11.266401240459947,
    11.699724365093022,
    12.133047489726097,
    12.566370614359172
  ],
  "xc": [
    0.0971075726872821,
    0.2614282813240371,
    0.1281929957816415,
    0.12056555952175586,
    0.17637721840265916,
    0.09799352443001906,
    0.08035869148080418,
    0.13581546858485952,
    0.1013995279192163,
    0.24381310178974278,
    0.13218952478990503,
    0.14801846168361957,
    0.1622862820652635,
    0.3372089673253187,
    0.0882164277866397,
    0.08792878332277924,
    0.21682877987909563,
    0.29543669585693705,
    0.221930808626276,
    0.2756976233520947,
    0.19483125530387102,
    0.35355744781666065,
    0.4882864996296826,
    0.47062865325961983,
    0.42433451546744144,
    0.3779270575487947,
    0.41407370155577905,
    0.45791162885477515,
    0.18358115177774845,
    0.10170995619621774,
    0.8131229292994585,
    0.5213950766033799,
    0.6788206361646353,
    0.31686893818055484,
    0.41131952509674047,
    0.29003349925241784,
    0.22080130585509103,
    0.669759557791937,
    0.324286457202579,
    0.5827886248407024,
    0.6796710616746143,
    0.7118985728743132,
    0.7698752515986782,
    0.5930364681391047,
    0.7806255494192094,
    0.7411622891642458,
    0.7714371483372562,
    0.8719134597069371,
    0.7675722404092796,
    0.7317586069314561,
    0.8526042039398264,
    0.8991828657831942,
    0.7480463961856855,
    0.6788329324005492,
    0.854009615955363,
    0.876391968573861,
    0.839904839854333,
    0.8209050341692607,
    0.7684731951812879,
    0.7505474960713221,
    0.7901998782052044,
    0.8475409085258536,
    0.8942745906032898,
    0.868861920970845,
    0.8497752552643902,
    0.7619944004776223,
    0.8887265176649928,
    0.8753693526715923,
    0.8936056514443161,
    0.7940555850639688,
    0.8876893673566029,
    0.8929378615180986,
    0.8388375721154172,
    0.8190301601740957,
    0.8421911105070001,
    0.8574634851462398,
    0.7588796992956989,
    0.8701616063202262,
    0.8973803511609412,
    0.8930896459123783,
    0.7546605338535448,
    0.5220580779471797,
    0.7069201935822694,
    0.780495301821103,
    0.7181987614099967,
    0.675483893008937,
    0.7491559863214081,
    0.8448372493522838,
    0.7806164331500671,
    0.856129062014238,
    0.6345606485252336,
    0.43024255813369344,
    0.43683447076931026,
    0.5513853869576599,
    0.6418246240231247,
    0.40697188030777726,
    0.6130935265363457,
    0.6759430122594824,
    0.2921628243679697,
    0.8336495086217112,
    0.7214120600892043,
    0.4216182916660844,
    0.31545426259373005,
    0.4105544000338049,
    0.39501525637822066,
    0.3036205497503498,
    0.31453778378902847,
    0.3397759296331836,
    0.5482166463323,
    0.4044679252157675,
    0.10426456009637826,
    0.3261231454314668,
    0.25597258295111014,
    0.18894076706080903,
    0.40464122165595684,
    0.3827232339125807,
    0.42367670164696425,
    0.2214060362526995,
    0.24944880758332996,
    0.19393774974425057,
    0.11902192585009073,
    0.22314432756094357,
    0.16151399891895118,
    0.13285955633906274,
    0.12173668654939626,
    0.22204853122805318,
    0.1953336956667008,
    0.22843541297514208,
    0.15000817652266588,
    0.1955045131040645,
    0.09856523821065637,
    0.09367169690461388,
    0.08218929272084899,
    0.20078808801478537,
    0.1950782502036833,
    0.07883647404927156,
    0.09436507848955862,
    0.11778373009901585,
    0.08093465892032385,
    0.09575067048474685,
    0.11939863782860988,
    0.08663458940411116,
    0.1836050286661601,
    0.0935381024909259,
    0.0833384264006501,
    0.20392758797118696,
    0.09245537555885075,
    0.08322889494051884,
    0.12546938653545425,
    0.11859576433389732,
    0.28895804583882684,
    0.17064769965302834,
    0.11819774863641638,
    0.31544386473475255,
    0.11847530393216671,
    0.23728527702487287,
    0.09746020813126982,
    0.115639960713081,
    0.12635359823855075,
    0.4839040698915875,
    0.43059747679124016,
    0.48396282842747745,
    0.15593390558955186,
    0.22990362187081015,
    0.18473835454347878,
    0.37742914515945203,
    0.16256234673268183,
    0.3071471418612353,
    0.4306268184290694,
    0.4498765076971909,
    0.5996524493416033,
    0.4605069155964303,
    0.5156825843993904,
    0.6195624347441973,
    0.70297111654998,
    0.44181503839834946,
    0.543594450670933,
    0.3065512894453094,
    0.737433866443867,
    0.47130213067055426,
    0.6525588619481794,
    0.7807145973221694,
    0.37098242900892286,
    0.4577075408312242,
    0.5893771833819113,
    0.8432015202374411,
    0.8496633525824,
    0.7255890046518977,
    0.6929315876030039,
    0.566691578734467,
    0.8382594449103782,
    0.8662070911586657,
    0.5569072985497032,
    0.8934053074629119,
    0.7894071915721489,
    0.8860037798180013,
    0.5815156344823675,
    0.7176221587639801,
    0.8288770053475936,
    0.7020871712606088,
    0.8393718924552099,
    0.8315016907470028,
    0.8773030048531552,
    0.8535505136889322,
    0.8524664136278997,
    0.8559519472182773,
    0.8519133415407878,
    0.8968605146646158,
    0.8741864161924536,
    0.8939457999392977,
    0.8808577128765707,
    0.8348888757694971,
    0.6269821468501018,
    0.8910109681744851,
    0.531460441058367,
    0.8579931432719166,
    0.8874867821780892,
    0.8282178462668955,
    0.8958239478888365,
    0.6820925867437803,
    0.7761027113073716,
    0.709525743467693,
    0.6955360255355275,
    0.7329606950642726,
    0.8873569501079779,
    0.5095996763603944,
    0.7202301005437207,
    0.49431679737205464,
    0.8325716621638973,
    0.6999763311867886,
    0.6190258479520695,
    0.7367881003213756,
    0.727507465673496,
    0.6046309935873373,
    0.4908124784082371,
    0.6427617112136909,
    0.6212009587237972,
    0.6209265826140888,
    0.4387969397268437,
    0.7636417495760894,
    0.4485479129923574,
    0.4900251028479463,
    0.6368067459917314,
    0.43477092485447033,
    0.7335170463599274,
    0.5130158525933972,
    0.22226706975474697,
    0.2725571417022514,
    0.5172763769488015,
    0.34297159940209265,
    0.30454256519167106,
    0.2927077573479314,
    0.15647788515872255,
    0.23779603451441161,
    0.14609219681908547,
    0.327275892239543,
    0.19637892266187462,
    0.4069181054989131,
    0.32119645141547215,
    0.44511579313947414,
    0.20902133912837725,
    0.25384672115210555,
    0.12254300790350821,
    0.14892528392109983,
    0.23277963672586952,
    0.39437631447321636,
    0.09389814146717462,
    0.16424911211993978,
    0.12535751317722285,
    0.1964311974914492,
    0.10480099432616145,
    0.1710017922693786,
    0.15076021926763655,
    0.14554467264799775,
    0.07908568281020732,
    0.12448634022868116,
    0.08504176334646704,
    0.1490668296001973,
    0.07377445150405716,
    0.08776857182979919,
    0.07856475208339261,
    0.09410317914500359,
    0.13592439576274049,
    0.10667104237239605,
    0.09380609775159028,
    0.22624720166209192,
    0.09887740705008449,
    0.09918632567908432,
    0.0836593460426542,
    0.09488110386047652,
    0.08315559526909917,
    0.14659929895755813,
    0.39921764364480555,
    0.11107581902840509,
    0.09994129199467332,
    0.12401488591879224,
    0.206676491852511,
    0.12422925502894079,
    0.09330407831343787,
