{
  "phases": [
    0.0,
    0.43332312463307493,
    0.8666462492661499,
    1.2999693738992246,
    1.7332924985322997,
    2.1666156231653746,
    2.5999387477984492,
    3.0332618724315243,
    3.4665849970645994,
    3.8999081216976745,
    4.333231246330749,
    4.766554370963823,
    5.1998774955968985,
    5.633200620229974,
    6.066523744863049,
    6.499846869496124,
    6.933169994129199,
    7.366493118762273,
    7.799816243395349,
    8.233139368028423,
    8.666462492661498,
    9.099785617294573,
    9.533108741927647,
    9.966431866560724,
    10.399754991193797,
    10.833078115826872,
    11.266401240459947,
    11.699724365093022,
    12.133047489726097,
    12.566370614359172
  ],
  "xc": [
    0.7988715409042795,
    0.8367285573185497,
    0.7443704777475322,
    0.7724468157876736,
    0.827917988238015,
    0.8461575164320394,
    0.3955620872692817,
    0.84926062934169,
    0.760201760656672,
    0.7046791099426521,
    0.7051966307396114,
    0.6552291786033013,
    0.8640901452999901,
    0.2689204767148661,
    0.6717997513986297,
    0.6495412934343932,
    0.34161374940871236,
    0.8696827893256738,
    0.7949628999968222,
    0.5535577055156873,
    0.6563448289398787,
    0.20212456438078052,
    0.4227854302611053,
    0.578741483161962,
    0.2557568250118857,
    0.5440983562670665,
    0.8023729760459841,
    0.6825041793970139,
    0.5317509974782533,
    0.44033976242658346,
    0.5333563069586801,
    0.3280167704456426,
    0.5951205209294194,
    0.527370622666452,
    0.1960997679961173,
    0.20712540984205108,
    0.25048119314169187,
    0.23563160497860544,
    0.4160036250149838,
    0.6238178530699439,
    0.17528411426492377,
    0.32556907582803524,
    0.5400884928801083,
    0.20303973928029076,
    0.6675522681641218,
    0.35411986051503114,
    0.23748083279381196,
    0.39563046090809195,
    0.6379361395794703,
    0.22127521485801901,
    0.22314945780292314,
    0.10916849041043893,
    0.22004899046522844,
    0.1182724331952093,
    0.1433169229884819,
    0.19535817325555851,
    0.18174730648533335,
    0.12362672043995107,
    0.14917571817346795,
    0.15048724275278313,
    0.0888988651260713,
    0.10334733004861352,
    0.13361212649314427,
    0.2951707336174212,
    0.09865017651909498,
    0.09470902389662152,
    0.12777572089098596,
    0.2261639424421399,
    0.14000269046231112,
    0.10289135603424525,
    0.20959780849637832,
    0.23987178063062348,
    0.3732872251179772,
    0.1514438083459835,
    0.12503042713743193,
    0.23401101451294518,
    0.19310996140264433,
    0.10948728803008043,
    0.11163644520465968,
    0.2714734084390233,
    0.3851211100611406,
    0.1631274201812157,
    0.36606551021679995,
    0.35152345104759575,
    0.1339549882518119,
    0.38983449979415397,
    0.10733776583526759,
    0.09483236892428712,
    0.20861192747516827,
    0.3724879350321377,
    0.16671191591397017,
    0.37435314388670254,
    0.27563486325080666,
    0.30378215772073286,
    0.20089493593298952,
    0.10773831148869575,
    0.38930006542241813,
    0.6122108796020828,
    0.1974320033135441,
    0.2792751707981752,
    0.49161054607323057,
    0.3839266624935648,
    0.5865156092481286,
    0.3712485834225143,
    0.4448082846172959,
    0.6234178870835807,
    0.6142928802903815,
    0.7195716907799111,
    0.6647567183817519,
    0.44222569556005964,
    0.549492724846778,
    0.7305874008781013,
    0.8079807881811891,
    0.8146880475973465,
    0.6787429019320086,
    0.8266847605444507,
    0.7008666350611786,
    0.8687066391216486,
    0.8504770984591065,
    0.8235415869539403,
    0.553743797540563,
    0.8683402604306947,
    0.8641893524795138,
    0.8098401480325679,
    0.8305099644831976,
    0.8609810809872039,
    0.7827488529886655,
    0.6739573906774852,
    0.7507625961931648,
    0.7895635633287065,
    0.8108821996494946,
    0.7133812485840572,
    0.8443900957496123,
    0.8400565958460079,
    0.8596356960656102,
    0.8699872573920129,
    0.8246943881152458,
    0.8213547155032844,
    0.8582095832982658,
    0.8541990643547677,
    0.8538187502213465,
    0.8296203169782198,
    0.7927586781912677,
    0.7706758410807626,
    0.8485403134205106,
    0.8609481349755483,
    0.8208469674309679,
    0.7937907370011,
    0.8302442748599487,
    0.8521725686772849,
    0.4694815788555441,
    0.7639567138874613,
    0.5843778756815958,
    0.7878492525057531,
    0.8616568427075875,
    0.48698665586855194,
    0.8016798786828294,
    0.5324271229860327,
    0.8415711830634377,
    0.7414477616635732,
    0.6598921074148321,
    0.7010120732053928,
    0.31450355066701013,
    0.4828802234929023,
    0.8353475853210787,
    0.46260643413917424,
    0.7439039117147077,
    0.32016205947404797,
    0.4561839302279295,
    0.7026926700277594,
    0.43841949071981695,
    0.24049511912467167,
    0.46872169651540946,
    0.674466149254955,
    0.2364896402985959,
    0.19327568162728676,
    0.3011642933202119,
    0.22737602945767127,
    0.17356902611442293,
    0.2650574026447929,
    0.0937392512787511,
    0.18297328001395013,
    0.14460029339171596,
    0.16321288013847549,
    0.5052213557487741,
    0.20216018340777725,
    0.09462737616409804,
    0.2121301999400213,
    0.48264901129943505,
    0.37548656677346476,
    0.10200988329597079,
    0.089853520180875,
    0.1231764338201148,
    0.23664252534905603,
    0.11441967418538171,
    0.19277884220610372,
    0.11810099957770069,
    0.3135733830837038,
    0.11687576538754949,
    0.13184753996037885,
    0.14382494603653836,
    0.22362043631403924,
    0.15601366954504164,
    0.08697719673829866,
    0.09832573689778114,
    0.10753157344546654,
    0.153167071718671,
    0.08867928361038697,
    0.1286518745365554,
    0.10268943015923329,
    0.09540800695774966,
    0.20806614653472347,
    0.143709828879738,
    0.26590901241085885,
    0.11321645496074224,
    0.3740493908331092,
    0.2907183664552913,
    0.11261612874953439,
    0.10322139005695517,
    0.20917745135513935,
    0.09510268873277315,
    0.21106151609559293,
    0.3638053494793573,
    0.46901516619157,
    0.1529411928635525,
    0.09867108307458584,
    0.2846127430005996,
    0.5279133357456476,
    0.40244080247659053,
    0.3156784999580033,
    0.43390941789147486,
    0.47667909059403096,
    0.0967271445380537,
    0.2187265086097771,
    0.6989154992253566,
    0.6109022162145352,
    0.2250720788061614,
    0.38611721799948057,
    0.3346907688454522,
    0.577681415509325,
    0.6598389246122103,
    0.7965059903683478,
    0.40545384897288833,
    0.12177997606436487,
    0.6172459231460237,
    0.6299539376525404,
    0.3716166082811692,
    0.7576377721381587,
    0.7486382178175212,
    0.4517135412995032,
    0.7625668877858139,
    0.8426849303087945,
    0.8215088198627939,
    0.7160623600214092,
    0.7071284113583113,
    0.8741073255386861,
    0.6301868686634556,
    0.8129083073582247,
    0.7600857563260626,
    0.58242560794451,
    0.8178866488696435,
    0.8703762523522754,
    0.8631605385802854,
    0.45489727081975667,
    0.795052423475931,
    0.8692355089074657,
    0.8239032028604909,
    0.728357457757781,
    0.8665528577711845,
    0.8495656876385058,
    0.7277695020081836,
    0.7581478079877394,
    0.754091504680156,
    0.8660578447704875,
    0.8733994154802232,
    0.7638435094970745,
    0.7723295432160661,
    0.8182628608681909,
    0.6996545275902507,
    0.800509964541528,
    0.8628510518719715,
    0.7699583959997656,
    0.7454448583096249,
    0.7800458660995564,
    0.7553604730423625,
    0.7771507109847288,
    0.8732223165589308,
    0.7487851912556921,
    0.8733995493522432,
    0.7721474478839355,
    0.8312345748150556,
    0.8733686727085599,
    0.8492144774980327,
    0.8723587579178362,
    0.7321455107913899,
    0.8233167369697642,
    0.61707736145837,
    0.6584520674770648,
    0.8622358632403986,
    0.6234940315940857
  ],