{
  "phases": [
    0.0,
    0.43332312463307493,
    0.8666462492661499,
    1.2999693738992246,
    1.7332924985322997,
    2.1666156231653746,
    2.5999387477984492,
    3.0332618724315243,
    3.4665849970645994,
    3.8999081216976745,
    4.333231246330749,
    4.766554370963823,
    5.1998774955968985,
    5.633200620229974,
    6.066523744863049,
    6.499846869496124,
    6.933169994129199,
    7.366493118762273,
    7.799816243395349,
    8.233139368028423,
    8.666462492661498,
    9.099785617294573,
    9.533108741927647,
    9.966431866560724,
    10.399754991193797,
    10.833078115826872,
    11.266401240459947,
    11.699724365093022,
    12.133047489726097,
    12.566370614359172
  ],
  "xc": [
    0.8040453856944738,
    0.7137977611588006,
    0.841551048741353,
    0.8594331008585004,
    0.7119193616536408,
    0.777029609141162,
    0.6282781998305123,
    0.6540299541430639,
    0.8306212961425815,
    0.8431021404858496,
    0.817483287016141,
    0.7989760744983323,
    0.5180281103102221,
    0.4045544668981073,
    0.8024100134292674,
    0.8187616700276347,
    0.848789258562515,
    0.8370004143294237,
    0.6598744916975025,
    0.5249916699369876,
    0.7184910693501607,
    0.8312692842783648,
    0.8021939625592618,
    0.7388834972528495,
    0.8380733609823148,
    0.8526267032993136,
    0.7942532193812867,
    0.8499013475680067,
    0.8525512929500697,
    0.6304270908012163,
    0.7901411065278343,
    0.28719581946183853,
    0.35901387612365215,
    0.6446488103527909,
    0.28153604930731163,
    0.35173038721287625,
    0.5036987350773212,
    0.38153591218051586,
    0.8421619941005664,
    0.6251813532474811,
    0.4336639089892384,
    0.3921928942174342,
    0.3437874174863872,
    0.584758076063305,
    0.2861638467714721,
    0.2912868600467723,
    0.21689805247248473,
    0.16155644353982201,
    0.4831276899513034,
    0.24411522720480913,
    0.45267811113752193,
    0.14909898454104525,
    0.613633836521129,
    0.22780501047789575,
    0.4561737621860443,
    0.2675399792477376,
    0.5043380054095138,
    0.23946141474672145,
    0.593062243941844,
    0.20710056103070223,
    0.31378013843230906,
    0.128632717723085,
    0.24833312203217925,
    0.31975816447250255,
    0.13877337811923257,
    0.11363133729606316,
    0.19887359964579704,
    0.1490920048894221,
    0.12033682902364848,
    0.1075970154914228,
    0.10473231983085302,
    0.11158352301445071,
    0.11179398761610333,
    0.09435036191943294,
    0.09773253148476405,
    0.1087108027973831,
    0.10730496501033408,
    0.1157977031838091,
    0.12147276356153748,
    0.15652623516402703,
    0.1678083422980451,
    0.1908961182529128,
    0.12495962931901172,
    0.423815547779078,
    0.12030207092383766,
    0.27834189431294754,
    0.1540644804627723,
    0.17749820689172585,
    0.12581403724636442,
    0.11904491404757062,
    0.15858245974897783,
    0.48164021576318,
    0.10066589558275892,
    0.18858604605049162,
    0.16212262107562672,
    0.3055723476285682,
    0.5254666213357725,
    0.10592123407988531,
    0.20189622102390845,
    0.29745917127817517,
    0.27294562621647367,
    0.11936636173154339,
    0.25350210590582084,
    0.6083512435201924,
    0.3338120490006173,
    0.48535734344285314,
    0.2885785125508053,
    0.7653077009881915,
    0.31765741344979337,
    0.19327674782220236,
    0.4483920504109406,
    0.7965951656492734,
    0.42651612855481125,
    0.33971381283868496,
    0.8455267403880209,
    0.5325755974382852,
    0.5237841405218804,
    0.5675127305788294,
    0.24015707175738557,
    0.47889042006842236,
    0.4215758551779946,
    0.8518313764121418,
    0.7218215473185728,
    0.5571328710108634,
    0.4583168724714532,
    0.7556176406474986,
    0.5273772703493975,
    0.6537095043410547,
    0.42280505575079547,
    0.664066979442619,
    0.8552726122123415,
    0.7678316812728058,
    0.8423409486532885,
    0.8524223350372392,
    0.8199582621893379,
    0.7571563781215401,
    0.8449133497803901,
    0.4830507075931008,
    0.6010661110198215,
    0.793323569516691,
    0.8441323983272931,
    0.8186359278573457,
    0.8281962443874651,
    0.8458119322534456,
    0.8544499944796566,
    0.8443493658037288,
    0.8567879881162153,
    0.7662683347713546,
    0.8477045149580771,
    0.8440226898998023,
    0.7940806853607404,
    0.8454835774256134,
    0.6641925237311049,
    0.6413950343986532,
    0.6486516217940641,
    0.8539344239926865,
    0.8475276486755323,
    0.8224937484068637,
    0.6493935163085617,
    0.7944882028138917,
    0.7421336007087279,
    0.7787425322937611,
    0.7492593823110041,
    0.7383399039476107,
    0.5809624879835439,
    0.6627561820817887,
    0.7962630215751668,
    0.5978575467000153,
    0.50556061866398,
    0.7128774805867126,
    0.5934287299159957,
    0.4272019823266095,
    0.3788286977002673,
    0.5259793678520813,
    0.48485981743786705,
    0.2912433702300034,
    0.735964343711014,
    0.8005792570416841,
    0.5160378502806879,
    0.6501590015608707,
    0.3995932519263618,
    0.41412397311812665,
    0.6219719038514763,
    0.5953828563592698,
    0.7046485716657501,
    0.21552429519551042,
    0.5944920858370448,
    0.5332090577482063,
    0.5834436065921522,
    0.17329885907114653,
    0.12776271413519213,
    0.3086624686270356,
    0.5175545003533412,
    0.32204365475477476,
    0.36739284495656055,
    0.3424470538078029,
    0.3605266449564915,
    0.29783212412983995,
    0.48279524008107766,
    0.3642230616237812,
    0.3192498607366183,
    0.27710096318879396,
    0.4696743020855596,
    0.1688872307275971,
    0.10532810440873754,
    0.22216298357845224,
    0.11624135235915144,
    0.21207848689536282,
    0.150418563593512,
    0.14067506915424297,
    0.10087388600410946,
    0.1226162673608288,
    0.1982419597745822,
    0.10714521454200361,
    0.13904789975738324,
    0.27649022279585017,
    0.10506147756511389,
    0.10132778474939101,
    0.10932117887368167,
    0.1332006703235045,
    0.11198436773328432,
    0.12624523475120386,
    0.15010533504274606,
    0.1791677963968443,
    0.11649521620976466,
    0.12270672668023662,
    0.22687890265957014,
    0.17665178478226623,
    0.1951818057061671,
    0.09912452930408142,
    0.12732977751921165,
    0.18211802113579156,
    0.4591532000523788,
    0.22371642083822615,
    0.432646070700261,
    0.22324168263351205,
    0.20328265351468305,
    0.15804069459352088,
    0.26627456627684004,
    0.29382173026321257,
    0.4550157040567972,
    0.20713964192406648,
    0.1551698665318122,
    0.3676824465776941,
    0.19753877563305108,
    0.1051781537034818,
    0.4584993016829607,
    0.13246649037778868,
    0.1469751129054285,
    0.10725476516656239,
    0.7157577239633021,
    0.4093833451097864,
    0.32188755317729717,
    0.6286563622402573,
    0.6966024409702676,
    0.41729866832488405,
    0.5182305613353023,
    0.46977046762587543,
    0.526856499217111,
    0.7786509262053392,
    0.5861161920814061,
    0.8002260388010806,
    0.7493382141277929,
    0.5113937592271129,
    0.6572938027386275,
    0.36696190697420983,
    0.743520871608996,
    0.39250894566728256,
    0.474445273168003,
    0.6000841537471429,
    0.8532065344330917,
    0.6147488280113571,
    0.7284654375905815,
    0.8240880939168344,
    0.7510747070527525,
    0.53828624035125,
    0.8568212713657111,
    0.7975049351331915,
    0.7509302857209632,
    0.7227808801394142,
    0.8385038868120714,
    0.8598306989188851,
    0.8439786264905305,
    0.8575735419939953,
    0.853559116742756,
    0.8296453749955716,
    0.826988004456658,
    0.5608186940765025,
    0.8512808162325585,
    0.838868357853082,
    0.8536422862210499,
    0.8591431660825642,
    0.7253934551486088,
    0.706872850115277,
    0.8232245159812464,
    0.6844090485203096,
    0.8513899117092475,
    0.8458732546426168,
    0.8476100338698342,
    0.8559947467185276
  ],