{
  "phases": [
    0.0,
    0.43332312463307493,
    0.8666462492661499,
    1.2999693738992246,
    1.7332924985322997,
    2.1666156231653746,
    2.5999387477984492,
    3.0332618724315243,
    3.4665849970645994,
    3.8999081216976745,
    4.333231246330749,
    4.766554370963823,
    5.1998774955968985,
    5.633200620229974,
    6.066523744863049,
    6.499846869496124,
    6.933169994129199,
    7.366493118762273,
    7.799816243395349,
    8.233139368028423,
    8.666462492661498,
    9.099785617294573,
    9.533108741927647,
    9.966431866560724,
    10.399754991193797,
    10.833078115826872,
    11.266401240459947,
    11.699724365093022,
    12.133047489726097,
    12.566370614359172
  ],
  "xc": [
    0.18228677600003482,
    0.21059885951891033,
    0.2684576734493451,
    0.5779123953889123,
    0.43440155288913257,
    0.4618578766744356,
    0.4246737154905723,
    0.18994508185731135,
    0.6478786199650619,
    0.26953172696426514,
    0.5895831292039901,
    0.21788895626403848,
    0.24091037081872102,
    0.23240490910987818,
    0.21533803898433604,
    0.18455777826028177,
    0.1965340939843459,
    0.7179718802106722,
    0.18885875463720264,
    0.18531561650777892,
    0.18058115835457106,
    0.19403661295062238,
    0.25700370468119216,
    0.4332777380112742,
    0.20443916055176964,
    0.19124311452546663,
    0.2662252804802892,
    0.18539728890561574,
    0.21402214925251373,
    0.277272575641325,
    0.17989403546650723,
    0.18211262732529554,
    0.1826212766677525,
    0.2002172124804135,
    0.2437442059996927,
    0.28052503521577665,
    0.1773377227459856,
    0.28075646434100276,
    0.1808914757552219,
    0.4926817890736585,
    0.22789768318830664,
    0.49650278323885877,
    0.28598925607012643,
    0.42271881931920696,
    0.19291951021601425,
    0.2922598348185177,
    0.39684081816280103,
    0.3415704890081861,
    0.6100037269078097,
    0.30672950650167824,
    0.46723801210582233,
    0.4079016439410242,
    0.6101131949302045,
    0.468029540084812,
    0.5999793318853774,
    0.19275774784809774,
    0.6066487220314627,
    0.3907518423765703,
    0.708663970017031,
    0.25320062494601847,
    0.5553460197204717,
    0.7330900832974293,
    0.6351235011207591,
    0.725622337441129,
    0.4930128136868633,
    0.7139794473679014,
    0.4235458590097428,
    0.48104481458284404,
    0.5745673747299567,
    0.7303070434255289,
    0.7263481460376745,
    0.4340305446876329,
    0.5125839445550491,
    0.5833562846790544,
    0.6357065141463704,
    0.6060818609680991,
    0.2980563565188529,
    0.4899295819866869,
    0.38235892736925636,
    0.5054312951664067,
    0.7063667838101039,
    0.7302838809401648,
    0.5846148018437306,
    0.47219895598027023,
    0.6459424484871408,
    0.6058300428322848,
    0.6978344325939182,
    0.4084268084632202,
    0.6914958038363691,
    0.7420570625849348,
    0.4806396364965721,
    0.538232222745566,
    0.5748632780812287,
    0.7348871564715422,
    0.717446138274024,
    0.7047314969206357,
    0.7281939711218949,
    0.719638872869059,
    0.5160660067645527,
    0.6524265488825937,
    0.6906245563239785,
    0.7368094704909709,
    0.7298220671349916,
    0.32663661733558896,
    0.7278599356854218,
    0.20430485751852442,
    0.7387138126877976,
    0.6118846745795763,
    0.4899173842446474,
    0.6005037858697585,
    0.22620205994494771,
    0.7347061283693321,
    0.43441897934356727,
    0.5023164310435762,
    0.4727726106599868,
    0.552398238746032,
    0.2630816997057889,
    0.3642466573602889,
    0.5832563086082617,
    0.736997605396033,
    0.22340550618984428,
    0.724601341601501,
    0.22460235485469887,
    0.7404566310318783,
    0.20051121203950617,
    0.6288099160586805,
    0.6486998107004085,
    0.5896010923138608,
    0.21676048294359726,
    0.7407169395770486,
    0.27988207548928307,
    0.3611889836093262,
    0.48897800384890205,
    0.36589809813816804,
    0.19168674907929492,
    0.5192082068048277,
    0.21711466287755815,
    0.5719277018136358,
    0.23534523200661886,
    0.7372916761558626,
    0.22334817508605886,
    0.3005848009634664,
    0.20620532617546822,
    0.4968198907953966,
    0.2030789215257895,
    0.2675292991368528,
    0.217291785765328,
    0.4758534351190928,
    0.27504207573134337,
    0.6675396300919467,
    0.36693301678509255,
    0.2659939040277887,
    0.24630674861106602,
    0.2653248921788358,
    0.425772926090695,
    0.31600306872243056,
    0.19015563053050188,
    0.4054173809129522,
    0.31288352912134987,
    0.19034280465979098,
    0.18777907736129612,
    0.3377991575758342,
    0.3235324757051409,
    0.213510906399662,
    0.20713205811807564,
    0.19477559941616976,
    0.18705929748836717,
    0.20051520746013388,
    0.2572639491294438,
    0.2635497885274536,
    0.19733483802648158,
    0.4606434147551184,
    0.20542117240090438,
    0.31000640352209374,
    0.21174893205699855,
    0.4546164655730453,
    0.2183882420760923,
    0.33442212952963224,
    0.2595547583433904,
    0.5048467457674536,
    0.21213998854202681,
    0.528460691849519,
    0.1967323115438918,
    0.21557648755773023,
    0.2448768731224336,
    0.45754872424397186,
    0.18886712457351035,
    0.4612206080328954,
    0.22775426003523094,
    0.4576355517533561,
    0.5095505846512658,
    0.5062373114283037,
    0.35289510917364536,
    0.4476890712852741,
    0.512594593119602,
    0.6297728080570975,
    0.6287071529007013,
    0.40343047226592416,
    0.6025588218374274,
    0.3287377236402203,
    0.28008413687401196,
    0.6182033410120292,
    0.7368922036163683,
    0.5732298338843013,
    0.45971227739654563,
    0.7347829992138833,
    0.4009404911596397,
    0.6893865037826244,
    0.49811748113652654,
    0.720066964318508,
    0.5622499145222277,
    0.7245317434170878,
    0.5833884247851433,
    0.635372899358614,
    0.45171891772018363,
    0.5490785032503522,
    0.6199497139861978,
    0.7340684725755072,
    0.6434179787245602,
    0.7241925219399901,
    0.6876054394765401,
    0.7315860658675513,
    0.7221761569697157,
    0.7458611903368643,
    0.7326625238115921,
    0.6850028973420874,
    0.4118347456293713,
    0.7407816842081187,
    0.7321142258632551,
    0.6347619746670143,
    0.7345125915716618,
    0.7317757637292084,
    0.6993882441076141,
    0.653617661878783,
    0.2828505021722269,
    0.6450184077312471,
    0.6837921230270655,
    0.6430590899586129,
    0.6399250231454583,
    0.6717547489726126,
    0.5677926795550098,
    0.4395648954920024,
    0.7164250548106956,
    0.6671008573873473,
    0.7343727441177813,
    0.6404684506482494,
    0.7399520668359604,
    0.7062958536274264,
    0.4008028577932871,
    0.741044992698296,
    0.3399145396168718,
    0.396695598351316,
    0.5386349712944111,
    0.7284335227653531,
    0.4144178538907999,
    0.3031796865308687,
    0.7374524761954929,
    0.6687694014783799,
    0.5089443432544534,
    0.3506860126923567,
    0.6970878456125292,
    0.3671598437401798,
    0.7107730084137488,
    0.4935709492539053,
    0.7135999293328196,
    0.2442773236937346,
    0.6925029423521493,
    0.30995739896345387,
    0.45973941027903054,
    0.41263648655852747,
    0.29758976231103107,
    0.20474461830683394,
    0.37879004461921967,
    0.39508944259677314,
    0.33713809284892127,
    0.6487118960762976,
    0.21605613542207727,
    0.33436189028624097,
    0.25285290287748113,
    0.6025634435409511,
    0.20411744478830432,
    0.2191669474207648,
    0.20239977424513217,
    0.28891896604204037,
    0.20777031623479944,
    0.21258374471690275,
    0.26537242969456,
    0.19520026128464038,
    0.2882421201514058,
    0.21816184512277983,
    0.22744317915278886,
    0.2065826247689464,
    0.27321353929093073,
    0.2087399643526909,
    0.2476990770130213,
    0.28632985126679955,
    0.4183063354514543,
    0.1956281639615141,
    0.19709463905072447,
